id,course_id,paper_id,flag
1,3,1,0
2,3,2,0
3,3,3,0
4,3,4,0
5,3,5,0
6,3,6,0
7,3,7,0
8,3,8,0
9,3,9,0
10,3,10,0
11,3,11,0
12,3,12,0
13,3,13,0
14,3,14,0
15,3,15,0
16,3,16,0
17,3,17,0
18,3,18,0
19,3,19,0
20,3,20,0
21,3,21,0
22,3,22,0
23,3,23,1
24,3,24,1
25,3,25,1
26,3,26,0
27,3,27,1
28,3,28,1
29,3,29,1
30,3,30,1
31,3,31,1
32,3,32,1
33,3,33,1
34,3,34,1
35,3,35,0
36,3,36,1
37,3,37,1
38,3,38,1
39,3,39,1
40,3,40,0
41,3,41,1
42,3,42,1
43,3,43,1
44,3,44,1
45,3,45,1
46,3,46,0
47,3,47,0
48,3,48,0
49,3,49,0
50,3,50,0
51,3,51,0
52,3,52,0
53,3,53,0
54,3,54,0
55,3,55,0
56,3,56,0
57,3,57,0
58,3,58,0
59,3,59,0
60,3,60,0
61,3,61,0
62,3,62,0
63,3,63,0
64,3,64,0
65,3,65,0
66,3,66,0
67,3,67,0
68,3,68,0
69,3,69,0
70,3,70,0
71,3,71,0
72,3,72,0
73,3,73,0
74,3,74,0
75,3,75,0
76,3,76,0
77,3,77,0
78,3,78,0
79,3,79,0
80,3,80,0
81,3,81,0
82,3,82,0
83,3,83,0
84,3,84,0
85,3,85,0
86,3,86,0
87,3,87,0
88,3,88,0
89,3,89,0
90,3,90,0
91,3,91,0
92,3,92,0
93,3,93,0
94,3,94,0
95,3,95,0
96,3,96,0
97,3,97,0
98,3,98,0
99,3,99,0
100,3,100,0
101,3,101,0
102,3,102,0
103,3,103,0
104,3,104,0
105,3,105,0
106,3,106,0
107,3,107,0
108,3,108,0
109,3,109,0
110,3,110,0
111,3,111,0
112,3,112,0
113,3,113,0
114,3,114,0
115,3,115,0
116,3,116,0
117,3,117,0
118,3,118,0
119,3,119,0
120,3,120,0
121,4,1,1
122,4,2,1
123,4,3,1
124,4,4,1
125,4,5,0
126,4,6,1
127,4,7,1
128,4,8,1
129,4,9,1
130,4,10,1
131,4,11,1
132,4,12,1
133,4,13,1
134,4,14,1
135,4,15,1
136,4,16,1
137,4,17,1
138,4,18,1
139,4,19,1
140,4,20,1
141,4,21,1
142,4,22,0
143,4,23,0
144,4,24,0
145,4,25,0
146,4,26,0
147,4,27,0
148,4,28,0
149,4,29,0
150,4,30,0
151,4,31,0
152,4,32,0
153,4,33,0
154,4,34,0
155,4,35,0
156,4,36,0
157,4,37,0
158,4,38,0
159,4,39,0
160,4,40,0
161,4,41,0
162,4,42,0
163,4,43,0
164,4,44,0
165,4,45,0
166,4,46,0
167,4,47,0
168,4,48,0
169,4,49,0
170,4,50,0
171,4,51,0
172,4,52,0
173,4,53,0
174,4,54,0
175,4,55,0
176,4,56,0
177,4,57,0
178,4,58,0
179,4,59,0
180,4,60,0
181,4,61,0
182,4,62,0
183,4,63,0
184,4,64,0
185,4,65,0
186,4,66,0
187,4,67,0
188,4,68,0
189,4,69,0
190,4,70,0
191,4,71,0
192,4,72,0
193,4,73,0
194,4,74,0
195,4,75,0
196,4,76,0
197,4,77,0
198,4,78,0
199,4,79,0
200,4,80,0
201,4,81,0
202,4,82,0
203,4,83,0
204,4,84,0
205,4,85,0
206,4,86,0
207,4,87,0
208,4,88,0
209,4,89,0
210,4,90,0
211,4,91,0
212,4,92,0
213,4,93,0
214,4,94,0
215,4,95,0
216,4,96,0
217,4,97,0
218,4,98,0
219,4,99,0
220,4,100,0
221,4,101,0
222,4,102,0
223,4,103,0
224,4,104,0
225,4,105,0
226,4,106,0
227,4,107,0
228,4,108,0
229,4,109,0
230,4,110,0
231,4,111,0
232,4,112,0
233,4,113,0
234,4,114,0
235,4,115,0
236,4,116,0
237,4,117,0
238,4,118,0
239,4,119,0
240,4,120,0
241,1,1,0
242,1,2,0
243,1,3,0
244,1,4,0
245,1,5,0
246,1,6,0
247,1,7,0
248,1,8,0
249,1,9,0
250,1,10,0
251,1,11,0
252,1,12,0
253,1,13,0
254,1,14,0
255,1,15,0
256,1,16,0
257,1,17,0
258,1,18,0
259,1,19,0
260,1,20,0
261,1,21,0
262,1,22,0
263,1,23,0
264,1,24,0
265,1,25,0
266,1,26,0
267,1,27,0
268,1,28,0
269,1,29,0
270,1,30,0
271,1,31,0
272,1,32,0
273,1,33,0
274,1,34,0
275,1,35,0
276,1,36,0
277,1,37,0
278,1,38,0
279,1,39,0
280,1,40,0
281,1,41,0
282,1,42,0
283,1,43,0
284,1,44,0
285,1,45,0
286,1,46,0
287,1,47,1
288,1,48,1
289,1,49,1
290,1,50,1
291,1,51,0
292,1,52,1
293,1,53,1
294,1,54,1
295,1,55,1
296,1,56,1
297,1,57,1
298,1,58,1
299,1,59,1
300,1,60,1
301,1,61,1
302,1,62,1
303,1,63,1
304,1,64,1
305,1,65,1
306,1,66,1
307,1,67,1
308,1,68,0
309,1,69,0
310,1,70,0
311,1,71,0
312,1,72,0
313,1,73,0
314,1,74,0
315,1,75,0
316,1,76,0
317,1,77,0
318,1,78,0
319,1,79,0
320,1,80,0
321,1,81,0
322,1,82,0
323,1,83,0
324,1,84,0
325,1,85,0
326,1,86,0
327,1,87,0
328,1,88,0
329,1,89,0
330,1,90,0
331,1,91,0
332,1,92,0
333,1,93,0
334,1,94,0
335,1,95,0
336,1,96,0
337,1,97,0
338,1,98,0
339,1,99,0
340,1,100,0
341,1,101,0
342,1,102,0
343,1,103,0
344,1,104,0
345,1,105,0
346,1,106,0
347,1,107,0
348,1,108,0
349,1,109,0
350,1,110,0
351,1,111,0
352,1,112,0
353,1,113,0
354,1,114,0
355,1,115,0
356,1,116,0
357,1,117,0
358,1,118,0
359,1,119,0
360,1,120,0
361,2,1,0
362,2,2,0
363,2,3,0
364,2,4,0
365,2,5,0
366,2,6,0
367,2,7,0
368,2,8,0
369,2,9,0
370,2,10,0
371,2,11,0
372,2,12,0
373,2,13,0
374,2,14,0
375,2,15,0
376,2,16,0
377,2,17,0
378,2,18,0
379,2,19,0
380,2,20,0
381,2,21,0
382,2,22,0
383,2,23,0
384,2,24,0
385,2,25,0
386,2,26,0
387,2,27,0
388,2,28,0
389,2,29,0
390,2,30,0
391,2,31,0
392,2,32,0
393,2,33,0
394,2,34,0
395,2,35,0
396,2,36,0
397,2,37,0
398,2,38,0
399,2,39,0
400,2,40,0
401,2,41,0
402,2,42,0
403,2,43,0
404,2,44,0
405,2,45,0
406,2,46,0
407,2,47,0
408,2,48,0
409,2,49,0
410,2,50,0
411,2,51,0
412,2,52,0
413,2,53,0
414,2,54,0
415,2,55,0
416,2,56,0
417,2,57,0
418,2,58,0
419,2,59,0
420,2,60,0
421,2,61,0
422,2,62,0
423,2,63,0
424,2,64,0
425,2,65,0
426,2,66,0
427,2,67,0
428,2,68,1
429,2,69,1
430,2,70,1
431,2,71,1
432,2,72,0
433,2,73,0
434,2,74,1
435,2,75,1
436,2,76,1
437,2,77,1
438,2,78,0
439,2,79,1
440,2,80,1
441,2,81,1
442,2,82,1
443,2,83,1
444,2,84,1
445,2,85,1
446,2,86,1
447,2,87,1
448,2,88,1
449,2,89,1
450,2,90,1
451,2,91,0
452,2,92,0
453,2,93,0
454,2,94,0
455,2,95,0
456,2,96,0
457,2,97,0
458,2,98,0
459,2,99,0
460,2,100,0
461,2,101,0
462,2,102,0
463,2,103,0
464,2,104,0
465,2,105,0
466,2,106,0
467,2,107,0
468,2,108,0
469,2,109,0
470,2,110,0
471,2,111,0
472,2,112,0
473,2,113,0
474,2,114,0
475,2,115,0
476,2,116,0
477,2,117,0
478,2,118,0
479,2,119,0
480,2,120,0
481,7,1,0
482,7,2,0
483,7,3,0
484,7,4,0
485,7,5,0
486,7,6,0
487,7,7,0
488,7,8,0
489,7,9,0
490,7,10,0
491,7,11,0
492,7,12,0
493,7,13,0
494,7,14,0
495,7,15,0
496,7,16,0
497,7,17,0
498,7,18,0
499,7,19,0
500,7,20,0
501,7,21,0
502,7,22,0
503,7,23,0
504,7,24,0
505,7,25,0
506,7,26,0
507,7,27,0
508,7,28,0
509,7,29,0
510,7,30,0
511,7,31,0
512,7,32,0
513,7,33,0
514,7,34,0
515,7,35,0
516,7,36,0
517,7,37,0
518,7,38,0
519,7,39,0
520,7,40,0
521,7,41,0
522,7,42,0
523,7,43,0
524,7,44,0
525,7,45,0
526,7,46,0
527,7,47,0
528,7,48,0
529,7,49,0
530,7,50,0
531,7,51,0
532,7,52,0
533,7,53,0
534,7,54,0
535,7,55,0
536,7,56,0
537,7,57,0
538,7,58,0
539,7,59,0
540,7,60,0
541,7,61,0
542,7,62,0
543,7,63,0
544,7,64,0
545,7,65,0
546,7,66,0
547,7,67,0
548,7,68,0
549,7,69,0
550,7,70,0
551,7,71,0
552,7,72,0
553,7,73,1
554,7,74,0
555,7,75,0
556,7,76,0
557,7,77,0
558,7,78,0
559,7,79,0
560,7,80,0
561,7,81,0
562,7,82,0
563,7,83,0
564,7,84,0
565,7,85,0
566,7,86,0
567,7,87,0
568,7,88,0
569,7,89,0
570,7,90,0
571,7,91,0
572,7,92,0
573,7,93,0
574,7,94,0
575,7,95,0
576,7,96,0
577,7,97,0
578,7,98,0
579,7,99,0
580,7,100,0
581,7,101,0
582,7,102,0
583,7,103,0
584,7,104,0
585,7,105,0
586,7,106,0
587,7,107,0
588,7,108,0
589,7,109,0
590,7,110,0
591,7,111,0
592,7,112,0
593,7,113,0
594,7,114,0
595,7,115,0
596,7,116,0
597,7,117,0
598,7,118,0
599,7,119,0
600,7,120,0
601,5,1,0
602,5,2,0
603,5,3,0
604,5,4,0
605,5,5,0
606,5,6,0
607,5,7,0
608,5,8,0
609,5,9,0
610,5,10,0
611,5,11,0
612,5,12,0
613,5,13,0
614,5,14,0
615,5,15,0
616,5,16,0
617,5,17,0
618,5,18,0
619,5,19,0
620,5,20,0
621,5,21,0
622,5,22,0
623,5,23,0
624,5,24,0
625,5,25,0
626,5,26,0
627,5,27,0
628,5,28,0
629,5,29,0
630,5,30,0
631,5,31,0
632,5,32,0
633,5,33,0
634,5,34,0
635,5,35,0
636,5,36,0
637,5,37,0
638,5,38,0
639,5,39,0
640,5,40,0
641,5,41,0
642,5,42,0
643,5,43,0
644,5,44,0
645,5,45,0
646,5,46,0
647,5,47,0
648,5,48,0
649,5,49,0
650,5,50,0
651,5,51,0
652,5,52,0
653,5,53,0
654,5,54,0
655,5,55,0
656,5,56,0
657,5,57,0
658,5,58,0
659,5,59,0
660,5,60,0
661,5,61,0
662,5,62,0
663,5,63,0
664,5,64,0
665,5,65,0
666,5,66,0
667,5,67,0
668,5,68,0
669,5,69,0
670,5,70,0
671,5,71,0
672,5,72,0
673,5,73,0
674,5,74,0
675,5,75,0
676,5,76,0
677,5,77,0
678,5,78,0
679,5,79,0
680,5,80,0
681,5,81,0
682,5,82,0
683,5,83,0
684,5,84,0
685,5,85,0
686,5,86,0
687,5,87,0
688,5,88,0
689,5,89,0
690,5,90,0
691,5,91,0
692,5,92,0
693,5,93,0
694,5,94,0
695,5,95,0
696,5,96,0
697,5,97,0
698,5,98,0
699,5,99,0
700,5,100,0
701,5,101,0
702,5,102,0
703,5,103,0
704,5,104,0
705,5,105,0
706,5,106,0
707,5,107,0
708,5,108,0
709,5,109,0
710,5,110,0
711,5,111,0
712,5,112,0
713,5,113,0
714,5,114,0
715,5,115,1
716,5,116,0
717,5,117,0
718,5,118,0
719,5,119,0
720,5,120,0
721,11,1,0
722,11,2,0
723,11,3,0
724,11,4,0
725,11,5,0
726,11,6,0
727,11,7,0
728,11,8,0
729,11,9,0
730,11,10,0
731,11,11,0
732,11,12,0
733,11,13,0
734,11,14,0
735,11,15,0
736,11,16,0
737,11,17,0
738,11,18,0
739,11,19,0
740,11,20,0
741,11,21,0
742,11,22,0
743,11,23,0
744,11,24,0
745,11,25,0
746,11,26,0
747,11,27,0
748,11,28,0
749,11,29,0
750,11,30,0
751,11,31,0
752,11,32,0
753,11,33,0
754,11,34,0
755,11,35,0
756,11,36,0
757,11,37,0
758,11,38,0
759,11,39,0
760,11,40,0
761,11,41,0
762,11,42,0
763,11,43,0
764,11,44,0
765,11,45,0
766,11,46,0
767,11,47,0
768,11,48,0
769,11,49,0
770,11,50,0
771,11,51,0
772,11,52,0
773,11,53,0
774,11,54,0
775,11,55,0
776,11,56,0
777,11,57,0
778,11,58,0
779,11,59,0
780,11,60,0
781,11,61,0
782,11,62,0
783,11,63,0
784,11,64,0
785,11,65,0
786,11,66,0
787,11,67,0
788,11,68,0
789,11,69,0
790,11,70,0
791,11,71,0
792,11,72,0
793,11,73,1
794,11,74,0
795,11,75,0
796,11,76,0
797,11,77,0
798,11,78,0
799,11,79,0
800,11,80,0
801,11,81,0
802,11,82,0
803,11,83,0
804,11,84,0
805,11,85,0
806,11,86,0
807,11,87,0
808,11,88,0
809,11,89,0
810,11,90,0
811,11,91,0
812,11,92,0
813,11,93,0
814,11,94,0
815,11,95,0
816,11,96,0
817,11,97,0
818,11,98,0
819,11,99,0
820,11,100,0
821,11,101,0
822,11,102,0
823,11,103,0
824,11,104,0
825,11,105,0
826,11,106,0
827,11,107,0
828,11,108,0
829,11,109,0
830,11,110,0
831,11,111,0
832,11,112,0
833,11,113,0
834,11,114,0
835,11,115,0
836,11,116,0
837,11,117,0
838,11,118,0
839,11,119,0
840,11,120,0
841,7,121,1
842,7,122,1
843,7,123,1
844,7,124,1
845,7,125,1
846,7,126,0
847,7,127,0
848,7,128,0
849,7,129,0
850,7,130,0
851,7,131,1
852,7,132,0
853,7,133,0
854,7,134,0
855,7,135,0
856,7,136,0
857,7,137,0
858,7,138,0
859,7,139,0
860,7,140,0
861,7,141,1
862,7,142,1
863,7,143,1
864,7,144,1
865,7,145,1
866,8,1,0
867,8,2,0
868,8,3,0
869,8,4,0
870,8,5,0
871,8,6,0
872,8,7,0
873,8,8,0
874,8,9,0
875,8,10,0
876,8,11,0
877,8,12,0
878,8,13,0
879,8,14,0
880,8,15,0
881,8,16,0
882,8,17,0
883,8,18,0
884,8,19,0
885,8,20,0
886,8,21,0
887,8,22,0
888,8,23,0
889,8,24,0
890,8,25,0
891,8,26,0
892,8,27,0
893,8,28,0
894,8,29,0
895,8,30,0
896,8,31,0
897,8,32,0
898,8,33,0
899,8,34,0
900,8,35,0
901,8,36,0
902,8,37,0
903,8,38,0
904,8,39,0
905,8,40,0
906,8,41,0
907,8,42,0
908,8,43,0
909,8,44,0
910,8,45,0
911,8,46,0
912,8,47,0
913,8,48,0
914,8,49,0
915,8,50,0
916,8,51,0
917,8,52,0
918,8,53,0
919,8,54,0
920,8,55,0
921,8,56,0
922,8,57,0
923,8,58,0
924,8,59,0
925,8,60,0
926,8,61,0
927,8,62,0
928,8,63,0
929,8,64,0
930,8,65,0
931,8,66,0
932,8,67,0
933,8,68,0
934,8,69,0
935,8,70,0
936,8,71,0
937,8,72,0
938,8,73,0
939,8,74,0
940,8,75,0
941,8,76,0
942,8,77,0
943,8,78,0
944,8,79,0
945,8,80,0
946,8,81,0
947,8,82,0
948,8,83,0
949,8,84,0
950,8,85,0
951,8,86,0
952,8,87,0
953,8,88,0
954,8,89,0
955,8,90,0
956,8,91,1
957,8,92,1
958,8,93,1
959,8,94,1
960,8,95,1
961,8,96,0
962,8,97,1
963,8,98,1
964,8,99,1
965,8,100,0
966,8,101,1
967,8,102,1
968,8,103,1
969,8,104,1
970,8,105,1
971,8,106,1
972,8,107,1
973,8,108,1
974,8,109,1
975,8,110,1
976,8,111,1
977,8,112,1
978,8,113,1
979,8,114,1
980,8,115,0
981,8,116,1
982,8,117,1
983,8,118,1
984,8,119,1
985,8,120,1
986,8,121,0
987,8,122,0
988,8,123,0
989,8,124,0
990,8,125,0
991,8,126,0
992,8,127,0
993,8,128,0
994,8,129,0
995,8,130,0
996,8,131,0
997,8,132,0
998,8,133,0
999,8,134,0
1000,8,135,0
1001,8,136,1
1002,8,137,0
1003,8,138,0
1004,8,139,0
1005,8,140,1
1006,8,141,0
1007,8,142,0
1008,8,143,0
1009,8,144,0
1010,8,145,0
1011,5,121,0
1012,5,122,0
1013,5,123,0
1014,5,124,0
1015,5,125,0
1016,5,126,1
1017,5,127,1
1018,5,128,1
1019,5,129,1
1020,5,130,1
1021,5,131,0
1022,5,132,0
1023,5,133,0
1024,5,134,0
1025,5,135,0
1026,5,136,0
1027,5,137,0
1028,5,138,0
1029,5,139,0
1030,5,140,0
1031,5,141,0
1032,5,142,0
1033,5,143,0
1034,5,144,0
1035,5,145,0
1036,5,146,1
1037,5,147,1
1038,5,148,1
1039,5,149,1
1040,5,150,1
1041,5,151,0
1042,5,152,0
1043,5,153,0
1044,5,154,0
1045,5,155,0
1046,6,1,0
1047,6,2,0
1048,6,3,0
1049,6,4,0
1050,6,5,0
1051,6,6,0
1052,6,7,0
1053,6,8,0
1054,6,9,0
1055,6,10,0
1056,6,11,0
1057,6,12,0
1058,6,13,0
1059,6,14,0
1060,6,15,0
1061,6,16,0
1062,6,17,0
1063,6,18,0
1064,6,19,0
1065,6,20,0
1066,6,21,0
1067,6,22,0
1068,6,23,0
1069,6,24,0
1070,6,25,0
1071,6,26,0
1072,6,27,0
1073,6,28,0
1074,6,29,0
1075,6,30,0
1076,6,31,0
1077,6,32,0
1078,6,33,0
1079,6,34,0
1080,6,35,0
1081,6,36,0
1082,6,37,0
1083,6,38,0
1084,6,39,0
1085,6,40,0
1086,6,41,0
1087,6,42,0
1088,6,43,0
1089,6,44,0
1090,6,45,0
1091,6,46,0
1092,6,47,0
1093,6,48,0
1094,6,49,0
1095,6,50,0
1096,6,51,0
1097,6,52,0
1098,6,53,0
1099,6,54,0
1100,6,55,0
1101,6,56,0
1102,6,57,0
1103,6,58,0
1104,6,59,0
1105,6,60,0
1106,6,61,0
1107,6,62,0
1108,6,63,0
1109,6,64,0
1110,6,65,0
1111,6,66,0
1112,6,67,0
1113,6,68,0
1114,6,69,0
1115,6,70,0
1116,6,71,0
1117,6,72,0
1118,6,73,0
1119,6,74,0
1120,6,75,0
1121,6,76,0
1122,6,77,0
1123,6,78,0
1124,6,79,0
1125,6,80,0
1126,6,81,0
1127,6,82,0
1128,6,83,0
1129,6,84,0
1130,6,85,0
1131,6,86,0
1132,6,87,0
1133,6,88,0
1134,6,89,0
1135,6,90,0
1136,6,91,0
1137,6,92,0
1138,6,93,0
1139,6,94,0
1140,6,95,0
1141,6,96,0
1142,6,97,0
1143,6,98,0
1144,6,99,0
1145,6,100,0
1146,6,101,0
1147,6,102,0
1148,6,103,0
1149,6,104,0
1150,6,105,0
1151,6,106,0
1152,6,107,0
1153,6,108,0
1154,6,109,0
1155,6,110,0
1156,6,111,0
1157,6,112,0
1158,6,113,0
1159,6,114,0
1160,6,115,0
1161,6,116,0
1162,6,117,0
1163,6,118,0
1164,6,119,0
1165,6,120,0
1166,6,121,0
1167,6,122,0
1168,6,123,0
1169,6,124,0
1170,6,125,0
1171,6,126,0
1172,6,127,0
1173,6,128,0
1174,6,129,0
1175,6,130,0
1176,6,131,0
1177,6,132,1
1178,6,133,1
1179,6,134,1
1180,6,135,1
1181,6,136,0
1182,6,137,0
1183,6,138,0
1184,6,139,0
1185,6,140,0
1186,6,141,0
1187,6,142,0
1188,6,143,0
1189,6,144,0
1190,6,145,0
1191,6,146,0
1192,6,147,0
1193,6,148,0
1194,6,149,0
1195,6,150,0
1196,6,151,1
1197,6,152,1
1198,6,153,1
1199,6,154,1
1200,6,155,1
1201,6,156,1
1202,3,121,0
1203,3,122,0
1204,3,123,0
1205,3,124,0
1206,3,125,0
1207,3,126,0
1208,3,127,0
1209,3,128,0
1210,3,129,0
1211,3,130,0
1212,3,131,0
1213,3,132,0
1214,3,133,0
1215,3,134,0
1216,3,135,0
1217,3,136,0
1218,3,137,0
1219,3,138,0
1220,3,139,0
1221,3,140,0
1222,3,141,0
1223,3,142,0
1224,3,143,0
1225,3,144,0
1226,3,145,0
1227,3,146,0
1228,3,147,0
1229,3,148,0
1230,3,149,0
1231,3,150,0
1232,3,151,0
1233,3,152,0
1234,3,153,0
1235,3,154,0
1236,3,155,0
1237,3,156,0
1238,1,121,0
1239,1,122,0
1240,1,123,0
1241,1,124,0
1242,1,125,0
1243,1,126,0
1244,1,127,0
1245,1,128,0
1246,1,129,0
1247,1,130,0
1248,1,131,0
1249,1,132,0
1250,1,133,0
1251,1,134,0
1252,1,135,0
1253,1,136,0
1254,1,137,0
1255,1,138,0
1256,1,139,0
1257,1,140,0
1258,1,141,0
1259,1,142,0
1260,1,143,0
1261,1,144,0
1262,1,145,0
1263,1,146,0
1264,1,147,0
1265,1,148,0
1266,1,149,0
1267,1,150,0
1268,1,151,0
1269,1,152,0
1270,1,153,0
1271,1,154,0
1272,1,155,0
1273,1,156,0
1274,2,121,0
1275,2,122,0
1276,2,123,0
1277,2,124,0
1278,2,125,0
1279,2,126,0
1280,2,127,0
1281,2,128,0
1282,2,129,0
1283,2,130,0
1284,2,131,0
1285,2,132,0
1286,2,133,0
1287,2,134,0
1288,2,135,0
1289,2,136,0
1290,2,137,0
1291,2,138,0
1292,2,139,0
1293,2,140,0
1294,2,141,0
1295,2,142,0
1296,2,143,0
1297,2,144,0
1298,2,145,0
1299,2,146,0
1300,2,147,0
1301,2,148,0
1302,2,149,0
1303,2,150,0
1304,2,151,0
1305,2,152,0
1306,2,153,0
1307,2,154,0
1308,2,155,0
1309,2,156,0
1310,4,121,0
1311,4,122,0
1312,4,123,0
1313,4,124,0
1314,4,125,0
1315,4,126,0
1316,4,127,0
1317,4,128,0
1318,4,129,0
1319,4,130,0
1320,4,131,0
1321,4,132,0
1322,4,133,0
1323,4,134,0
1324,4,135,0
1325,4,136,0
1326,4,137,0
1327,4,138,0
1328,4,139,0
1329,4,140,0
1330,4,141,0
1331,4,142,0
1332,4,143,0
1333,4,144,0
1334,4,145,0
1335,4,146,0
1336,4,147,0
1337,4,148,0
1338,4,149,0
1339,4,150,0
1340,4,151,0
1341,4,152,0
1342,4,153,0
1343,4,154,0
1344,4,155,0
1345,4,156,0
1346,5,156,0
1347,5,157,1
1348,5,158,1
1349,5,159,1
1350,5,160,1
1351,5,161,1
1352,5,162,1
1353,5,163,1
1354,5,164,1
1355,5,165,1
1356,5,166,1
1357,5,167,1
1358,5,168,1
1359,5,169,1
1360,5,170,1
1361,5,171,1
1362,5,172,1
1363,5,173,0
1364,5,174,0
1365,5,175,0
1366,5,176,0
1367,5,177,0
1368,5,178,0
1369,5,179,0
1370,5,180,0
1371,5,181,0
1372,5,182,0
1373,5,183,0
1374,5,184,0
1375,5,185,0
1376,5,186,0
1377,5,187,0
1378,5,188,0
1379,5,189,0
1380,5,190,0
1381,5,191,0
1382,5,192,0
1383,5,193,0
1384,5,194,0
1385,5,195,0
1386,5,196,0
1387,5,197,0
1388,5,198,0
1389,5,199,0
1390,5,200,0
1391,5,201,0
1392,5,202,0
1393,5,203,0
1394,5,204,0
1395,5,205,0
1396,5,206,0
1397,5,207,0
1398,5,208,0
1399,5,209,0
1400,5,210,0
1401,5,211,0
1402,5,212,0
1403,5,213,0
1404,5,214,0
1405,5,215,0
1406,5,216,0
1407,5,217,0
1408,5,218,0
1409,5,219,0
1410,5,220,0
1411,5,221,0
1412,12,1,0
1413,12,2,0
1414,12,3,0
1415,12,4,0
1416,12,5,0
1417,12,6,0
1418,12,7,0
1419,12,8,0
1420,12,9,0
1421,12,10,0
1422,12,11,0
1423,12,12,0
1424,12,13,0
1425,12,14,0
1426,12,15,0
1427,12,16,0
1428,12,17,0
1429,12,18,0
1430,12,19,0
1431,12,20,0
1432,12,21,0
1433,12,22,0
1434,12,23,0
1435,12,24,0
1436,12,25,0
1437,12,26,0
1438,12,27,0
1439,12,28,0
1440,12,29,0
1441,12,30,0
1442,12,31,0
1443,12,32,0
1444,12,33,0
1445,12,34,0
1446,12,35,0
1447,12,36,0
1448,12,37,0
1449,12,38,0
1450,12,39,0
1451,12,40,0
1452,12,41,0
1453,12,42,0
1454,12,43,0
1455,12,44,0
1456,12,45,0
1457,12,46,0
1458,12,47,0
1459,12,48,0
1460,12,49,0
1461,12,50,0
1462,12,51,0
1463,12,52,0
1464,12,53,0
1465,12,54,0
1466,12,55,0
1467,12,56,0
1468,12,57,0
1469,12,58,0
1470,12,59,0
1471,12,60,0
1472,12,61,0
1473,12,62,0
1474,12,63,0
1475,12,64,0
1476,12,65,0
1477,12,66,0
1478,12,67,0
1479,12,68,0
1480,12,69,0
1481,12,70,0
1482,12,71,0
1483,12,72,0
1484,12,73,0
1485,12,74,0
1486,12,75,0
1487,12,76,0
1488,12,77,0
1489,12,78,0
1490,12,79,0
1491,12,80,0
1492,12,81,0
1493,12,82,0
1494,12,83,0
1495,12,84,0
1496,12,85,0
1497,12,86,0
1498,12,87,0
1499,12,88,0
1500,12,89,0
1501,12,90,0
1502,12,91,0
1503,12,92,0
1504,12,93,0
1505,12,94,0
1506,12,95,0
1507,12,96,0
1508,12,97,0
1509,12,98,0
1510,12,99,0
1511,12,100,0
1512,12,101,0
1513,12,102,0
1514,12,103,0
1515,12,104,0
1516,12,105,0
1517,12,106,0
1518,12,107,0
1519,12,108,0
1520,12,109,0
1521,12,110,0
1522,12,111,0
1523,12,112,0
1524,12,113,0
1525,12,114,0
1526,12,115,1
1527,12,116,0
1528,12,117,0
1529,12,118,0
1530,12,119,0
1531,12,120,0
1532,12,121,0
1533,12,122,0
1534,12,123,0
1535,12,124,0
1536,12,125,0
1537,12,126,0
1538,12,127,0
1539,12,128,0
1540,12,129,0
1541,12,130,0
1542,12,131,0
1543,12,132,0
1544,12,133,0
1545,12,134,0
1546,12,135,0
1547,12,136,0
1548,12,137,0
1549,12,138,0
1550,12,139,0
1551,12,140,0
1552,12,141,0
1553,12,142,0
1554,12,143,0
1555,12,144,0
1556,12,145,0
1557,12,146,0
1558,12,147,0
1559,12,148,0
1560,12,149,0
1561,12,150,0
1562,12,151,0
1563,12,152,0
1564,12,153,0
1565,12,154,0
1566,12,155,0
1567,12,156,0
1568,12,157,1
1569,12,158,1
1570,12,159,1
1571,12,160,1
1572,12,161,1
1573,12,162,0
1574,12,163,0
1575,12,164,0
1576,12,165,0
1577,12,166,0
1578,12,167,1
1579,12,168,1
1580,12,169,1
1581,12,170,1
1582,12,171,1
1583,12,172,1
1584,12,173,0
1585,12,174,0
1586,12,175,0
1587,12,176,0
1588,12,177,0
1589,12,178,0
1590,12,179,0
1591,12,180,0
1592,12,181,0
1593,12,182,0
1594,12,183,0
1595,12,184,0
1596,12,185,0
1597,12,186,0
1598,12,187,0
1599,12,188,0
1600,12,189,0
1601,12,190,0
1602,12,191,0
1603,12,192,0
1604,12,193,0
1605,12,194,0
1606,12,195,0
1607,12,196,0
1608,12,197,0
1609,12,198,0
1610,12,199,0
1611,12,200,0
1612,12,201,0
1613,12,202,0
1614,12,203,0
1615,12,204,0
1616,12,205,0
1617,12,206,0
1618,12,207,0
1619,12,208,0
1620,12,209,0
1621,12,210,0
1622,12,211,0
1623,12,212,0
1624,12,213,0
1625,12,214,0
1626,12,215,0
1627,12,216,0
1628,12,217,0
1629,12,218,0
1630,12,219,0
1631,12,220,0
1632,12,221,0
1633,6,157,0
1634,6,158,0
1635,6,159,0
1636,6,160,0
1637,6,161,0
1638,6,162,0
1639,6,163,0
1640,6,164,0
1641,6,165,0
1642,6,166,0
1643,6,167,0
1644,6,168,0
1645,6,169,0
1646,6,170,0
1647,6,171,0
1648,6,172,0
1649,6,173,0
1650,6,174,0
1651,6,175,0
1652,6,176,0
1653,6,177,0
1654,6,178,0
1655,6,179,0
1656,6,180,0
1657,6,181,0
1658,6,182,0
1659,6,183,0
1660,6,184,0
1661,6,185,0
1662,6,186,0
1663,6,187,0
1664,6,188,0
1665,6,189,1
1666,6,190,1
1667,6,191,1
1668,6,192,1
1669,6,193,1
1670,6,194,1
1671,6,195,1
1672,6,196,1
1673,6,197,1
1674,6,198,1
1675,6,199,1
1676,6,200,1
1677,6,201,1
1678,6,202,1
1679,6,203,1
1680,6,204,1
1681,6,205,1
1682,6,206,1
1683,6,207,1
1684,6,208,1
1685,6,209,1
1686,6,210,0
1687,6,211,0
1688,6,212,0
1689,6,213,0
1690,6,214,0
1691,6,215,0
1692,6,216,0
1693,6,217,0
1694,6,218,0
1695,6,219,0
1696,6,220,0
1697,6,221,0
1698,14,1,0
1699,14,2,0
1700,14,3,0
1701,14,4,0
1702,14,5,0
1703,14,6,0
1704,14,7,0
1705,14,8,0
1706,14,9,0
1707,14,10,0
1708,14,11,0
1709,14,12,0
1710,14,13,0
1711,14,14,0
1712,14,15,0
1713,14,16,0
1714,14,17,0
1715,14,18,0
1716,14,19,0
1717,14,20,0
1718,14,21,0
1719,14,22,0
1720,14,23,0
1721,14,24,0
1722,14,25,0
1723,14,26,0
1724,14,27,0
1725,14,28,0
1726,14,29,0
1727,14,30,0
1728,14,31,0
1729,14,32,0
1730,14,33,0
1731,14,34,0
1732,14,35,0
1733,14,36,0
1734,14,37,0
1735,14,38,0
1736,14,39,0
1737,14,40,0
1738,14,41,0
1739,14,42,0
1740,14,43,0
1741,14,44,0
1742,14,45,0
1743,14,46,0
1744,14,47,0
1745,14,48,0
1746,14,49,0
1747,14,50,0
1748,14,51,0
1749,14,52,0
1750,14,53,0
1751,14,54,0
1752,14,55,0
1753,14,56,0
1754,14,57,0
1755,14,58,0
1756,14,59,0
1757,14,60,0
1758,14,61,0
1759,14,62,0
1760,14,63,0
1761,14,64,0
1762,14,65,0
1763,14,66,0
1764,14,67,0
1765,14,68,0
1766,14,69,0
1767,14,70,0
1768,14,71,0
1769,14,72,0
1770,14,73,0
1771,14,74,0
1772,14,75,0
1773,14,76,0
1774,14,77,0
1775,14,78,0
1776,14,79,0
1777,14,80,0
1778,14,81,0
1779,14,82,0
1780,14,83,0
1781,14,84,0
1782,14,85,0
1783,14,86,0
1784,14,87,0
1785,14,88,0
1786,14,89,0
1787,14,90,0
1788,14,91,0
1789,14,92,0
1790,14,93,0
1791,14,94,0
1792,14,95,0
1793,14,96,0
1794,14,97,0
1795,14,98,0
1796,14,99,0
1797,14,100,0
1798,14,101,0
1799,14,102,0
1800,14,103,0
1801,14,104,0
1802,14,105,0
1803,14,106,0
1804,14,107,0
1805,14,108,0
1806,14,109,0
1807,14,110,0
1808,14,111,0
1809,14,112,0
1810,14,113,0
1811,14,114,0
1812,14,115,0
1813,14,116,0
1814,14,117,0
1815,14,118,0
1816,14,119,0
1817,14,120,0
1818,14,121,0
1819,14,122,0
1820,14,123,0
1821,14,124,0
1822,14,125,0
1823,14,126,0
1824,14,127,0
1825,14,128,0
1826,14,129,0
1827,14,130,0
1828,14,131,0
1829,14,132,0
1830,14,133,0
1831,14,134,0
1832,14,135,0
1833,14,136,0
1834,14,137,0
1835,14,138,0
1836,14,139,0
1837,14,140,0
1838,14,141,0
1839,14,142,0
1840,14,143,0
1841,14,144,0
1842,14,145,0
1843,14,146,0
1844,14,147,0
1845,14,148,0
1846,14,149,0
1847,14,150,0
1848,14,151,0
1849,14,152,0
1850,14,153,0
1851,14,154,0
1852,14,155,0
1853,14,156,0
1854,14,157,0
1855,14,158,0
1856,14,159,0
1857,14,160,0
1858,14,161,0
1859,14,162,0
1860,14,163,0
1861,14,164,0
1862,14,165,0
1863,14,166,0
1864,14,167,0
1865,14,168,0
1866,14,169,0
1867,14,170,0
1868,14,171,0
1869,14,172,0
1870,14,173,0
1871,14,174,0
1872,14,175,0
1873,14,176,0
1874,14,177,0
1875,14,178,0
1876,14,179,0
1877,14,180,0
1878,14,181,0
1879,14,182,0
1880,14,183,0
1881,14,184,0
1882,14,185,0
1883,14,186,0
1884,14,187,0
1885,14,188,0
1886,14,189,0
1887,14,190,0
1888,14,191,0
1889,14,192,0
1890,14,193,0
1891,14,194,1
1892,14,195,1
1893,14,196,1
1894,14,197,1
1895,14,198,1
1896,14,199,1
1897,14,200,1
1898,14,201,1
1899,14,202,1
1900,14,203,1
1901,14,204,1
1902,14,205,1
1903,14,206,1
1904,14,207,1
1905,14,208,1
1906,14,209,1
1907,14,210,0
1908,14,211,0
1909,14,212,0
1910,14,213,0
1911,14,214,0
1912,14,215,0
1913,14,216,0
1914,14,217,0
1915,14,218,0
1916,14,219,0
1917,14,220,0
1918,14,221,0
1919,7,146,0
1920,7,147,0
1921,7,148,0
1922,7,149,0
1923,7,150,0
1924,7,151,0
1925,7,152,0
1926,7,153,0
1927,7,154,0
1928,7,155,0
1929,7,156,0
1930,7,157,0
1931,7,158,0
1932,7,159,0
1933,7,160,0
1934,7,161,0
1935,7,162,0
1936,7,163,0
1937,7,164,0
1938,7,165,0
1939,7,166,0
1940,7,167,0
1941,7,168,0
1942,7,169,0
1943,7,170,0
1944,7,171,0
1945,7,172,0
1946,7,173,1
1947,7,174,1
1948,7,175,0
1949,7,176,1
1950,7,177,1
1951,7,178,0
1952,7,179,1
1953,7,180,1
1954,7,181,1
1955,7,182,1
1956,7,183,1
1957,7,184,1
1958,7,185,1
1959,7,186,1
1960,7,187,1
1961,7,188,1
1962,7,189,0
1963,7,190,0
1964,7,191,0
1965,7,192,0
1966,7,193,0
1967,7,194,0
1968,7,195,0
1969,7,196,0
1970,7,197,0
1971,7,198,0
1972,7,199,0
1973,7,200,0
1974,7,201,0
1975,7,202,0
1976,7,203,0
1977,7,204,0
1978,7,205,0
1979,7,206,0
1980,7,207,0
1981,7,208,0
1982,7,209,0
1983,7,210,0
1984,7,211,0
1985,7,212,0
1986,7,213,0
1987,7,214,0
1988,7,215,0
1989,7,216,0
1990,7,217,0
1991,7,218,0
1992,7,219,0
1993,7,220,0
1994,7,221,0
1995,7,222,1
1996,7,223,1
1997,7,224,1
1998,7,225,1
1999,7,226,1
2000,15,1,0
2001,15,2,0
2002,15,3,0
2003,15,4,0
2004,15,5,0
2005,15,6,0
2006,15,7,0
2007,15,8,0
2008,15,9,0
2009,15,10,0
2010,15,11,0
2011,15,12,0
2012,15,13,0
2013,15,14,0
2014,15,15,0
2015,15,16,0
2016,15,17,0
2017,15,18,0
2018,15,19,0
2019,15,20,0
2020,15,21,0
2021,15,22,0
2022,15,23,0
2023,15,24,0
2024,15,25,0
2025,15,26,0
2026,15,27,0
2027,15,28,0
2028,15,29,0
2029,15,30,0
2030,15,31,0
2031,15,32,0
2032,15,33,0
2033,15,34,0
2034,15,35,0
2035,15,36,0
2036,15,37,0
2037,15,38,0
2038,15,39,0
2039,15,40,0
2040,15,41,0
2041,15,42,0
2042,15,43,0
2043,15,44,0
2044,15,45,0
2045,15,46,0
2046,15,47,0
2047,15,48,0
2048,15,49,0
2049,15,50,0
2050,15,51,0
2051,15,52,0
2052,15,53,0
2053,15,54,0
2054,15,55,0
2055,15,56,0
2056,15,57,0
2057,15,58,0
2058,15,59,0
2059,15,60,0
2060,15,61,0
2061,15,62,0
2062,15,63,0
2063,15,64,0
2064,15,65,0
2065,15,66,0
2066,15,67,0
2067,15,68,0
2068,15,69,0
2069,15,70,0
2070,15,71,0
2071,15,72,0
2072,15,73,1
2073,15,74,0
2074,15,75,0
2075,15,76,0
2076,15,77,0
2077,15,78,0
2078,15,79,0
2079,15,80,0
2080,15,81,0
2081,15,82,0
2082,15,83,0
2083,15,84,0
2084,15,85,0
2085,15,86,0
2086,15,87,0
2087,15,88,0
2088,15,89,0
2089,15,90,0
2090,15,91,0
2091,15,92,0
2092,15,93,0
2093,15,94,0
2094,15,95,0
2095,15,96,0
2096,15,97,0
2097,15,98,0
2098,15,99,0
2099,15,100,0
2100,15,101,0
2101,15,102,0
2102,15,103,0
2103,15,104,0
2104,15,105,0
2105,15,106,0
2106,15,107,0
2107,15,108,0
2108,15,109,0
2109,15,110,0
2110,15,111,0
2111,15,112,0
2112,15,113,0
2113,15,114,0
2114,15,115,0
2115,15,116,0
2116,15,117,0
2117,15,118,0
2118,15,119,0
2119,15,120,0
2120,15,121,1
2121,15,122,0
2122,15,123,0
2123,15,124,0
2124,15,125,1
2125,15,126,0
2126,15,127,0
2127,15,128,0
2128,15,129,0
2129,15,130,0
2130,15,131,0
2131,15,132,0
2132,15,133,0
2133,15,134,0
2134,15,135,0
2135,15,136,0
2136,15,137,0
2137,15,138,0
2138,15,139,0
2139,15,140,0
2140,15,141,0
2141,15,142,0
2142,15,143,0
2143,15,144,0
2144,15,145,0
2145,15,146,0
2146,15,147,0
2147,15,148,0
2148,15,149,0
2149,15,150,0
2150,15,151,0
2151,15,152,0
2152,15,153,0
2153,15,154,0
2154,15,155,0
2155,15,156,0
2156,15,157,0
2157,15,158,0
2158,15,159,0
2159,15,160,0
2160,15,161,0
2161,15,162,0
2162,15,163,0
2163,15,164,0
2164,15,165,0
2165,15,166,0
2166,15,167,0
2167,15,168,0
2168,15,169,0
2169,15,170,0
2170,15,171,0
2171,15,172,0
2172,15,173,1
2173,15,174,1
2174,15,175,0
2175,15,176,1
2176,15,177,1
2177,15,178,0
2178,15,179,0
2179,15,180,0
2180,15,181,0
2181,15,182,0
2182,15,183,1
2183,15,184,0
2184,15,185,0
2185,15,186,1
2186,15,187,1
2187,15,188,1
2188,15,189,0
2189,15,190,0
2190,15,191,0
2191,15,192,0
2192,15,193,0
2193,15,194,0
2194,15,195,0
2195,15,196,0
2196,15,197,0
2197,15,198,0
2198,15,199,0
2199,15,200,0
2200,15,201,0
2201,15,202,0
2202,15,203,0
2203,15,204,0
2204,15,205,0
2205,15,206,0
2206,15,207,0
2207,15,208,0
2208,15,209,0
2209,15,210,0
2210,15,211,0
2211,15,212,0
2212,15,213,0
2213,15,214,0
2214,15,215,1
2215,15,216,1
2216,15,217,1
2217,15,218,1
2218,15,219,1
2219,15,220,0
2220,15,221,0
2221,15,222,0
2222,15,223,0
2223,15,224,0
2224,15,225,0
2225,15,226,0
2226,11,121,1
2227,11,122,0
2228,11,123,0
2229,11,124,0
2230,11,125,1
2231,11,126,0
2232,11,127,0
2233,11,128,0
2234,11,129,0
2235,11,130,0
2236,11,131,0
2237,11,132,0
2238,11,133,0
2239,11,134,0
2240,11,135,0
2241,11,136,0
2242,11,137,0
2243,11,138,0
2244,11,139,0
2245,11,140,0
2246,11,141,0
2247,11,142,0
2248,11,143,0
2249,11,144,0
2250,11,145,0
2251,11,146,0
2252,11,147,0
2253,11,148,0
2254,11,149,0
2255,11,150,0
2256,11,151,0
2257,11,152,0
2258,11,153,0
2259,11,154,0
2260,11,155,0
2261,11,156,0
2262,11,157,0
2263,11,158,0
2264,11,159,0
2265,11,160,0
2266,11,161,0
2267,11,162,0
2268,11,163,0
2269,11,164,0
2270,11,165,0
2271,11,166,0
2272,11,167,0
2273,11,168,0
2274,11,169,0
2275,11,170,0
2276,11,171,0
2277,11,172,0
2278,11,173,1
2279,11,174,1
2280,11,175,1
2281,11,176,1
2282,11,177,1
2283,11,178,1
2284,11,179,0
2285,11,180,0
2286,11,181,0
2287,11,182,0
2288,11,183,1
2289,11,184,0
2290,11,185,0
2291,11,186,1
2292,11,187,1
2293,11,188,1
2294,11,189,0
2295,11,190,0
2296,11,191,0
2297,11,192,0
2298,11,193,0
2299,11,194,0
2300,11,195,0
2301,11,196,0
2302,11,197,0
2303,11,198,0
2304,11,199,0
2305,11,200,0
2306,11,201,0
2307,11,202,0
2308,11,203,0
2309,11,204,0
2310,11,205,0
2311,11,206,0
2312,11,207,0
2313,11,208,0
2314,11,209,0
2315,11,210,0
2316,11,211,0
2317,11,212,0
2318,11,213,0
2319,11,214,0
2320,11,215,0
2321,11,216,0
2322,11,217,0
2323,11,218,0
2324,11,219,0
2325,11,220,1
2326,11,221,1
2327,11,222,0
2328,11,223,0
2329,11,224,0
2330,11,225,0
2331,11,226,0
2332,11,227,1
2333,11,228,1
2334,11,229,1
2335,8,146,0
2336,8,147,0
2337,8,148,0
2338,8,149,0
2339,8,150,0
2340,8,151,0
2341,8,152,0
2342,8,153,0
2343,8,154,0
2344,8,155,0
2345,8,156,0
2346,8,157,0
2347,8,158,0
2348,8,159,0
2349,8,160,0
2350,8,161,0
2351,8,162,0
2352,8,163,0
2353,8,164,0
2354,8,165,0
2355,8,166,0
2356,8,167,0
2357,8,168,0
2358,8,169,0
2359,8,170,0
2360,8,171,0
2361,8,172,0
2362,8,173,0
2363,8,174,0
2364,8,175,0
2365,8,176,0
2366,8,177,0
2367,8,178,0
2368,8,179,0
2369,8,180,0
2370,8,181,0
2371,8,182,0
2372,8,183,0
2373,8,184,0
2374,8,185,0
2375,8,186,0
2376,8,187,0
2377,8,188,0
2378,8,189,0
2379,8,190,0
2380,8,191,0
2381,8,192,0
2382,8,193,0
2383,8,194,0
2384,8,195,0
2385,8,196,0
2386,8,197,0
2387,8,198,0
2388,8,199,0
2389,8,200,0
2390,8,201,0
2391,8,202,0
2392,8,203,0
2393,8,204,0
2394,8,205,0
2395,8,206,0
2396,8,207,0
2397,8,208,0
2398,8,209,0
2399,8,210,0
2400,8,211,0
2401,8,212,0
2402,8,213,0
2403,8,214,0
2404,8,215,0
2405,8,216,0
2406,8,217,0
2407,8,218,0
2408,8,219,0
2409,8,220,0
2410,8,221,0
2411,8,222,0
2412,8,223,0
2413,8,224,0
2414,8,225,0
2415,8,226,0
2416,8,227,0
2417,8,228,0
2418,8,229,0
2419,10,1,0
2420,10,2,0
2421,10,3,0
2422,10,4,0
2423,10,5,0
2424,10,6,0
2425,10,7,0
2426,10,8,0
2427,10,9,0
2428,10,10,0
2429,10,11,0
2430,10,12,0
2431,10,13,0
2432,10,14,0
2433,10,15,0
2434,10,16,0
2435,10,17,0
2436,10,18,0
2437,10,19,0
2438,10,20,0
2439,10,21,0
2440,10,22,0
2441,10,23,0
2442,10,24,0
2443,10,25,0
2444,10,26,0
2445,10,27,0
2446,10,28,0
2447,10,29,0
2448,10,30,0
2449,10,31,0
2450,10,32,0
2451,10,33,0
2452,10,34,0
2453,10,35,0
2454,10,36,0
2455,10,37,0
2456,10,38,0
2457,10,39,0
2458,10,40,0
2459,10,41,0
2460,10,42,0
2461,10,43,0
2462,10,44,0
2463,10,45,0
2464,10,46,0
2465,10,47,0
2466,10,48,0
2467,10,49,0
2468,10,50,0
2469,10,51,0
2470,10,52,0
2471,10,53,0
2472,10,54,0
2473,10,55,0
2474,10,56,0
2475,10,57,0
2476,10,58,0
2477,10,59,0
2478,10,60,0
2479,10,61,0
2480,10,62,0
2481,10,63,0
2482,10,64,0
2483,10,65,0
2484,10,66,0
2485,10,67,0
2486,10,68,0
2487,10,69,0
2488,10,70,0
2489,10,71,0
2490,10,72,0
2491,10,73,0
2492,10,74,0
2493,10,75,0
2494,10,76,0
2495,10,77,0
2496,10,78,0
2497,10,79,0
2498,10,80,0
2499,10,81,0
2500,10,82,0
2501,10,83,0
2502,10,84,0
2503,10,85,0
2504,10,86,0
2505,10,87,0
2506,10,88,0
2507,10,89,0
2508,10,90,0
2509,10,91,0
2510,10,92,0
2511,10,93,0
2512,10,94,0
2513,10,95,0
2514,10,96,1
2515,10,97,0
2516,10,98,0
2517,10,99,0
2518,10,100,0
2519,10,101,0
2520,10,102,0
2521,10,103,0
2522,10,104,0
2523,10,105,0
2524,10,106,1
2525,10,107,1
2526,10,108,1
2527,10,109,1
2528,10,110,1
2529,10,111,1
2530,10,112,1
2531,10,113,1
2532,10,114,1
2533,10,115,0
2534,10,116,1
2535,10,117,1
2536,10,118,1
2537,10,119,1
2538,10,120,1
2539,10,121,0
2540,10,122,0
2541,10,123,0
2542,10,124,0
2543,10,125,0
2544,10,126,0
2545,10,127,0
2546,10,128,0
2547,10,129,0
2548,10,130,0
2549,10,131,0
2550,10,132,0
2551,10,133,0
2552,10,134,0
2553,10,135,0
2554,10,136,0
2555,10,137,0
2556,10,138,0
2557,10,139,0
2558,10,140,0
2559,10,141,0
2560,10,142,0
2561,10,143,0
2562,10,144,0
2563,10,145,0
2564,10,146,0
2565,10,147,0
2566,10,148,0
2567,10,149,0
2568,10,150,0
2569,10,151,0
2570,10,152,0
2571,10,153,0
2572,10,154,0
2573,10,155,0
2574,10,156,0
2575,10,157,0
2576,10,158,0
2577,10,159,0
2578,10,160,0
2579,10,161,0
2580,10,162,0
2581,10,163,0
2582,10,164,0
2583,10,165,0
2584,10,166,0
2585,10,167,0
2586,10,168,0
2587,10,169,0
2588,10,170,0
2589,10,171,0
2590,10,172,0
2591,10,173,0
2592,10,174,0
2593,10,175,0
2594,10,176,0
2595,10,177,0
2596,10,178,0
2597,10,179,0
2598,10,180,0
2599,10,181,0
2600,10,182,0
2601,10,183,0
2602,10,184,0
2603,10,185,0
2604,10,186,0
2605,10,187,0
2606,10,188,0
2607,10,189,0
2608,10,190,0
2609,10,191,0
2610,10,192,0
2611,10,193,0
2612,10,194,0
2613,10,195,0
2614,10,196,0
2615,10,197,0
2616,10,198,0
2617,10,199,0
2618,10,200,0
2619,10,201,0
2620,10,202,0
2621,10,203,0
2622,10,204,0
2623,10,205,0
2624,10,206,0
2625,10,207,0
2626,10,208,0
2627,10,209,0
2628,10,210,0
2629,10,211,0
2630,10,212,0
2631,10,213,0
2632,10,214,0
2633,10,215,0
2634,10,216,0
2635,10,217,0
2636,10,218,0
2637,10,219,0
2638,10,220,0
2639,10,221,0
2640,10,222,0
2641,10,223,0
2642,10,224,0
2643,10,225,0
2644,10,226,0
2645,10,227,0
2646,10,228,0
2647,10,229,0
2648,9,1,0
2649,9,2,0
2650,9,3,0
2651,9,4,0
2652,9,5,0
2653,9,6,0
2654,9,7,0
2655,9,8,0
2656,9,9,0
2657,9,10,0
2658,9,11,0
2659,9,12,0
2660,9,13,0
2661,9,14,0
2662,9,15,0
2663,9,16,0
2664,9,17,0
2665,9,18,0
2666,9,19,0
2667,9,20,0
2668,9,21,0
2669,9,22,0
2670,9,23,0
2671,9,24,0
2672,9,25,0
2673,9,26,0
2674,9,27,0
2675,9,28,0
2676,9,29,0
2677,9,30,0
2678,9,31,0
2679,9,32,0
2680,9,33,0
2681,9,34,0
2682,9,35,0
2683,9,36,0
2684,9,37,0
2685,9,38,0
2686,9,39,0
2687,9,40,0
2688,9,41,0
2689,9,42,0
2690,9,43,0
2691,9,44,0
2692,9,45,0
2693,9,46,0
2694,9,47,0
2695,9,48,0
2696,9,49,0
2697,9,50,0
2698,9,51,0
2699,9,52,0
2700,9,53,0
2701,9,54,0
2702,9,55,0
2703,9,56,0
2704,9,57,0
2705,9,58,0
2706,9,59,0
2707,9,60,0
2708,9,61,0
2709,9,62,0
2710,9,63,0
2711,9,64,0
2712,9,65,0
2713,9,66,0
2714,9,67,0
2715,9,68,0
2716,9,69,0
2717,9,70,0
2718,9,71,0
2719,9,72,0
2720,9,73,0
2721,9,74,0
2722,9,75,0
2723,9,76,0
2724,9,77,0
2725,9,78,0
2726,9,79,0
2727,9,80,0
2728,9,81,0
2729,9,82,0
2730,9,83,0
2731,9,84,0
2732,9,85,0
2733,9,86,0
2734,9,87,0
2735,9,88,0
2736,9,89,0
2737,9,90,0
2738,9,91,0
2739,9,92,0
2740,9,93,0
2741,9,94,0
2742,9,95,0
2743,9,96,0
2744,9,97,0
2745,9,98,0
2746,9,99,0
2747,9,100,0
2748,9,101,0
2749,9,102,0
2750,9,103,0
2751,9,104,0
2752,9,105,0
2753,9,106,0
2754,9,107,0
2755,9,108,0
2756,9,109,0
2757,9,110,0
2758,9,111,0
2759,9,112,0
2760,9,113,0
2761,9,114,0
2762,9,115,0
2763,9,116,0
2764,9,117,0
2765,9,118,0
2766,9,119,0
2767,9,120,0
2768,9,121,0
2769,9,122,0
2770,9,123,0
2771,9,124,0
2772,9,125,0
2773,9,126,0
2774,9,127,0
2775,9,128,0
2776,9,129,0
2777,9,130,0
2778,9,131,0
2779,9,132,0
2780,9,133,0
2781,9,134,0
2782,9,135,0
2783,9,136,0
2784,9,137,0
2785,9,138,0
2786,9,139,0
2787,9,140,0
2788,9,141,0
2789,9,142,0
2790,9,143,0
2791,9,144,0
2792,9,145,0
2793,9,146,0
2794,9,147,0
2795,9,148,0
2796,9,149,0
2797,9,150,0
2798,9,151,0
2799,9,152,0
2800,9,153,0
2801,9,154,0
2802,9,155,0
2803,9,156,0
2804,9,157,0
2805,9,158,0
2806,9,159,0
2807,9,160,0
2808,9,161,0
2809,9,162,0
2810,9,163,0
2811,9,164,0
2812,9,165,0
2813,9,166,0
2814,9,167,0
2815,9,168,0
2816,9,169,0
2817,9,170,0
2818,9,171,0
2819,9,172,0
2820,9,173,0
2821,9,174,0
2822,9,175,0
2823,9,176,0
2824,9,177,0
2825,9,178,0
2826,9,179,0
2827,9,180,0
2828,9,181,0
2829,9,182,0
2830,9,183,0
2831,9,184,0
2832,9,185,0
2833,9,186,0
2834,9,187,0
2835,9,188,0
2836,9,189,0
2837,9,190,0
2838,9,191,0
2839,9,192,0
2840,9,193,0
2841,9,194,0
2842,9,195,0
2843,9,196,0
2844,9,197,0
2845,9,198,0
2846,9,199,0
2847,9,200,0
2848,9,201,0
2849,9,202,0
2850,9,203,0
2851,9,204,0
2852,9,205,0
2853,9,206,0
2854,9,207,0
2855,9,208,0
2856,9,209,0
2857,9,210,0
2858,9,211,0
2859,9,212,0
2860,9,213,0
2861,9,214,0
2862,9,215,0
2863,9,216,0
2864,9,217,0
2865,9,218,0
2866,9,219,0
2867,9,220,0
2868,9,221,0
2869,9,222,0
2870,9,223,0
2871,9,224,0
2872,9,225,0
2873,9,226,0
2874,9,227,0
2875,9,228,0
2876,9,229,0
2877,9,230,1
2878,9,231,1
2879,9,232,1
2880,9,233,1
2881,9,234,1
2882,2,157,0
2883,2,158,0
2884,2,159,0
2885,2,160,0
2886,2,161,0
2887,2,162,0
2888,2,163,0
2889,2,164,0
2890,2,165,0
2891,2,166,0
2892,2,167,0
2893,2,168,0
2894,2,169,0
2895,2,170,0
2896,2,171,0
2897,2,172,0
2898,2,173,0
2899,2,174,0
2900,2,175,0
2901,2,176,0
2902,2,177,0
2903,2,178,0
2904,2,179,0
2905,2,180,0
2906,2,181,0
2907,2,182,0
2908,2,183,0
2909,2,184,0
2910,2,185,0
2911,2,186,0
2912,2,187,0
2913,2,188,0
2914,2,189,0
2915,2,190,0
2916,2,191,0
2917,2,192,0
2918,2,193,0
2919,2,194,0
2920,2,195,0
2921,2,196,0
2922,2,197,0
2923,2,198,0
2924,2,199,0
2925,2,200,0
2926,2,201,0
2927,2,202,0
2928,2,203,0
2929,2,204,0
2930,2,205,0
2931,2,206,0
2932,2,207,0
2933,2,208,0
2934,2,209,0
2935,2,210,0
2936,2,211,0
2937,2,212,0
2938,2,213,0
2939,2,214,0
2940,2,215,0
2941,2,216,0
2942,2,217,0
2943,2,218,0
2944,2,219,0
2945,2,220,0
2946,2,221,0
2947,2,222,0
2948,2,223,0
2949,2,224,0
2950,2,225,0
2951,2,226,0
2952,2,227,0
2953,2,228,0
2954,2,229,0
2955,2,230,0
2956,2,231,0
2957,2,232,0
2958,2,233,0
2959,2,234,0
2960,1,157,0
2961,1,158,0
2962,1,159,0
2963,1,160,0
2964,1,161,0
2965,1,162,0
2966,1,163,0
2967,1,164,0
2968,1,165,0
2969,1,166,0
2970,1,167,0
2971,1,168,0
2972,1,169,0
2973,1,170,0
2974,1,171,0
2975,1,172,0
2976,1,173,0
2977,1,174,0
2978,1,175,0
2979,1,176,0
2980,1,177,0
2981,1,178,0
2982,1,179,0
2983,1,180,0
2984,1,181,0
2985,1,182,0
2986,1,183,0
2987,1,184,0
2988,1,185,0
2989,1,186,0
2990,1,187,0
2991,1,188,0
2992,1,189,0
2993,1,190,0
2994,1,191,0
2995,1,192,0
2996,1,193,0
2997,1,194,0
2998,1,195,0
2999,1,196,0
3000,1,197,0
3001,1,198,0
3002,1,199,0
3003,1,200,0
3004,1,201,0
3005,1,202,0
3006,1,203,0
3007,1,204,0
3008,1,205,0
3009,1,206,0
3010,1,207,0
3011,1,208,0
3012,1,209,0
3013,1,210,0
3014,1,211,0
3015,1,212,0
3016,1,213,0
3017,1,214,0
3018,1,215,0
3019,1,216,0
3020,1,217,0
3021,1,218,0
3022,1,219,0
3023,1,220,0
3024,1,221,0
3025,1,222,0
3026,1,223,0
3027,1,224,0
3028,1,225,0
3029,1,226,0
3030,1,227,0
3031,1,228,0
3032,1,229,0
3033,1,230,0
3034,1,231,0
3035,1,232,0
3036,1,233,0
3037,1,234,0
3038,14,222,0
3039,14,223,0
3040,14,224,0
3041,14,225,0
3042,14,226,0
3043,14,227,0
3044,14,228,0
3045,14,229,0
3046,14,230,0
3047,14,231,0
3048,14,232,0
3049,14,233,0
3050,14,234,0
3051,15,227,0
3052,15,228,0
3053,15,229,0
3054,15,230,0
3055,15,231,0
3056,15,232,0
3057,15,233,0
3058,15,234,0
3059,11,230,0
3060,11,231,0
3061,11,232,0
3062,11,233,0
3063,11,234,0
3064,10,230,0
3065,10,231,0
3066,10,232,0
3067,10,233,0
3068,10,234,0
3069,6,222,0
3070,6,223,0
3071,6,224,0
3072,6,225,0
3073,6,226,0
3074,6,227,0
3075,6,228,0
3076,6,229,0
3077,6,230,0
3078,6,231,0
3079,6,232,0
3080,6,233,0
3081,6,234,0
3082,5,222,0
3083,5,223,0
3084,5,224,0
3085,5,225,0
3086,5,226,0
3087,5,227,0
3088,5,228,0
3089,5,229,0
3090,5,230,0
3091,5,231,0
3092,5,232,0
3093,5,233,0
3094,5,234,0
3095,5,235,1
3096,5,236,1
3097,5,237,1
3098,12,222,0
3099,12,223,0
3100,12,224,0
3101,12,225,0
3102,12,226,0
3103,12,227,0
3104,12,228,0
3105,12,229,0
3106,12,230,0
3107,12,231,0
3108,12,232,0
3109,12,233,0
3110,12,234,0
3111,12,235,1
3112,12,236,1
3113,12,237,1
3114,12,238,1
3115,6,235,0
3116,6,236,0
3117,6,237,0
3118,6,238,0
3119,14,235,0
3120,14,236,0
3121,14,237,0
3122,14,238,0
3123,7,227,0
3124,7,228,0
3125,7,229,0
3126,7,230,0
3127,7,231,0
3128,7,232,0
3129,7,233,0
3130,7,234,0
3131,7,235,0
3132,7,236,0
3133,7,237,0
3134,7,238,0
3135,15,235,0
3136,15,236,0
3137,15,237,0
3138,15,238,0
3139,11,235,0
3140,11,236,0
3141,11,237,0
3142,11,238,0
3143,8,230,0
3144,8,231,0
3145,8,232,0
3146,8,233,0
3147,8,234,0
3148,8,235,0
3149,8,236,0
3150,8,237,0
3151,8,238,0
3152,10,235,0
3153,10,236,0
3154,10,237,0
3155,10,238,0
3156,10,239,1
3157,13,1,0
3158,13,2,0
3159,13,3,0
3160,13,4,0
3161,13,5,0
3162,13,6,0
3163,13,7,0
3164,13,8,0
3165,13,9,0
3166,13,10,0
3167,13,11,0
3168,13,12,0
3169,13,13,0
3170,13,14,0
3171,13,15,0
3172,13,16,0
3173,13,17,0
3174,13,18,0
3175,13,19,0
3176,13,20,0
3177,13,21,0
3178,13,22,0
3179,13,23,0
3180,13,24,0
3181,13,25,0
3182,13,26,0
3183,13,27,0
3184,13,28,0
3185,13,29,0
3186,13,30,0
3187,13,31,0
3188,13,32,0
3189,13,33,0
3190,13,34,0
3191,13,35,0
3192,13,36,0
3193,13,37,0
3194,13,38,0
3195,13,39,0
3196,13,40,0
3197,13,41,0
3198,13,42,0
3199,13,43,0
3200,13,44,0
3201,13,45,0
3202,13,46,0
3203,13,47,0
3204,13,48,0
3205,13,49,0
3206,13,50,0
3207,13,51,0
3208,13,52,0
3209,13,53,0
3210,13,54,0
3211,13,55,0
3212,13,56,0
3213,13,57,0
3214,13,58,0
3215,13,59,0
3216,13,60,0
3217,13,61,0
3218,13,62,0
3219,13,63,0
3220,13,64,0
3221,13,65,0
3222,13,66,0
3223,13,67,0
3224,13,68,0
3225,13,69,0
3226,13,70,0
3227,13,71,0
3228,13,72,0
3229,13,73,0
3230,13,74,0
3231,13,75,0
3232,13,76,0
3233,13,77,0
3234,13,78,0
3235,13,79,0
3236,13,80,0
3237,13,81,0
3238,13,82,0
3239,13,83,0
3240,13,84,0
3241,13,85,0
3242,13,86,0
3243,13,87,0
3244,13,88,0
3245,13,89,0
3246,13,90,0
3247,13,91,0
3248,13,92,0
3249,13,93,0
3250,13,94,0
3251,13,95,0
3252,13,96,0
3253,13,97,0
3254,13,98,0
3255,13,99,0
3256,13,100,0
3257,13,101,0
3258,13,102,0
3259,13,103,0
3260,13,104,0
3261,13,105,0
3262,13,106,0
3263,13,107,0
3264,13,108,0
3265,13,109,0
3266,13,110,0
3267,13,111,0
3268,13,112,0
3269,13,113,0
3270,13,114,0
3271,13,115,0
3272,13,116,0
3273,13,117,0
3274,13,118,0
3275,13,119,0
3276,13,120,0
3277,13,121,0
3278,13,122,0
3279,13,123,0
3280,13,124,0
3281,13,125,0
3282,13,126,0
3283,13,127,0
3284,13,128,0
3285,13,129,0
3286,13,130,0
3287,13,131,0
3288,13,132,0
3289,13,133,0
3290,13,134,0
3291,13,135,0
3292,13,136,0
3293,13,137,0
3294,13,138,0
3295,13,139,0
3296,13,140,0
3297,13,141,0
3298,13,142,0
3299,13,143,0
3300,13,144,0
3301,13,145,0
3302,13,146,0
3303,13,147,0
3304,13,148,0
3305,13,149,0
3306,13,150,0
3307,13,151,0
3308,13,152,0
3309,13,153,0
3310,13,154,0
3311,13,155,0
3312,13,156,0
3313,13,157,0
3314,13,158,0
3315,13,159,0
3316,13,160,0
3317,13,161,0
3318,13,162,0
3319,13,163,0
3320,13,164,0
3321,13,165,0
3322,13,166,0
3323,13,167,0
3324,13,168,0
3325,13,169,0
3326,13,170,0
3327,13,171,0
3328,13,172,0
3329,13,173,0
3330,13,174,0
3331,13,175,0
3332,13,176,0
3333,13,177,0
3334,13,178,0
3335,13,179,0
3336,13,180,0
3337,13,181,0
3338,13,182,0
3339,13,183,0
3340,13,184,0
3341,13,185,0
3342,13,186,0
3343,13,187,0
3344,13,188,0
3345,13,189,0
3346,13,190,0
3347,13,191,0
3348,13,192,0
3349,13,193,0
3350,13,194,0
3351,13,195,0
3352,13,196,0
3353,13,197,0
3354,13,198,0
3355,13,199,0
3356,13,200,0
3357,13,201,0
3358,13,202,0
3359,13,203,0
3360,13,204,0
3361,13,205,0
3362,13,206,0
3363,13,207,0
3364,13,208,0
3365,13,209,0
3366,13,210,0
3367,13,211,0
3368,13,212,0
3369,13,213,0
3370,13,214,0
3371,13,215,0
3372,13,216,0
3373,13,217,0
3374,13,218,0
3375,13,219,0
3376,13,220,0
3377,13,221,0
3378,13,222,0
3379,13,223,0
3380,13,224,0
3381,13,225,0
3382,13,226,0
3383,13,227,0
3384,13,228,0
3385,13,229,0
3386,13,230,1
3387,13,231,1
3388,13,232,1
3389,13,233,1
3390,13,234,1
3391,13,235,0
3392,13,236,0
3393,13,237,0
3394,13,238,0
3395,13,239,0
3396,13,240,1
3397,13,241,1
3398,13,242,1
3399,13,243,1
3400,13,244,1
3401,13,245,1
3402,13,246,1
3403,13,247,1
3404,13,248,1
3405,13,249,1
3406,16,1,0
3407,16,2,0
3408,16,3,0
3409,16,4,0
3410,16,5,0
3411,16,6,0
3412,16,7,0
3413,16,8,0
3414,16,9,0
3415,16,10,0
3416,16,11,0
3417,16,12,0
3418,16,13,0
3419,16,14,0
3420,16,15,0
3421,16,16,0
3422,16,17,0
3423,16,18,0
3424,16,19,0
3425,16,20,0
3426,16,21,0
3427,16,22,0
3428,16,23,0
3429,16,24,0
3430,16,25,0
3431,16,26,0
3432,16,27,0
3433,16,28,0
3434,16,29,0
3435,16,30,0
3436,16,31,0
3437,16,32,0
3438,16,33,0
3439,16,34,0
3440,16,35,0
3441,16,36,0
3442,16,37,0
3443,16,38,0
3444,16,39,0
3445,16,40,0
3446,16,41,0
3447,16,42,0
3448,16,43,0
3449,16,44,0
3450,16,45,0
3451,16,46,0
3452,16,47,0
3453,16,48,0
3454,16,49,0
3455,16,50,0
3456,16,51,0
3457,16,52,0
3458,16,53,0
3459,16,54,0
3460,16,55,0
3461,16,56,0
3462,16,57,0
3463,16,58,0
3464,16,59,0
3465,16,60,0
3466,16,61,0
3467,16,62,0
3468,16,63,0
3469,16,64,0
3470,16,65,0
3471,16,66,0
3472,16,67,0
3473,16,68,0
3474,16,69,0
3475,16,70,0
3476,16,71,0
3477,16,72,0
3478,16,73,0
3479,16,74,0
3480,16,75,0
3481,16,76,0
3482,16,77,0
3483,16,78,0
3484,16,79,0
3485,16,80,0
3486,16,81,0
3487,16,82,0
3488,16,83,0
3489,16,84,0
3490,16,85,0
3491,16,86,0
3492,16,87,0
3493,16,88,0
3494,16,89,0
3495,16,90,0
3496,16,91,0
3497,16,92,0
3498,16,93,0
3499,16,94,0
3500,16,95,0
3501,16,96,0
3502,16,97,0
3503,16,98,0
3504,16,99,0
3505,16,100,0
3506,16,101,0
3507,16,102,0
3508,16,103,0
3509,16,104,0
3510,16,105,0
3511,16,106,0
3512,16,107,0
3513,16,108,0
3514,16,109,0
3515,16,110,0
3516,16,111,0
3517,16,112,0
3518,16,113,0
3519,16,114,0
3520,16,115,0
3521,16,116,0
3522,16,117,0
3523,16,118,0
3524,16,119,0
3525,16,120,0
3526,16,121,0
3527,16,122,0
3528,16,123,0
3529,16,124,0
3530,16,125,0
3531,16,126,0
3532,16,127,0
3533,16,128,0
3534,16,129,0
3535,16,130,0
3536,16,131,0
3537,16,132,0
3538,16,133,0
3539,16,134,0
3540,16,135,0
3541,16,136,0
3542,16,137,0
3543,16,138,0
3544,16,139,0
3545,16,140,0
3546,16,141,0
3547,16,142,0
3548,16,143,0
3549,16,144,0
3550,16,145,0
3551,16,146,0
3552,16,147,0
3553,16,148,0
3554,16,149,0
3555,16,150,0
3556,16,151,0
3557,16,152,0
3558,16,153,0
3559,16,154,0
3560,16,155,0
3561,16,156,0
3562,16,157,0
3563,16,158,0
3564,16,159,0
3565,16,160,0
3566,16,161,0
3567,16,162,0
3568,16,163,0
3569,16,164,0
3570,16,165,0
3571,16,166,0
3572,16,167,0
3573,16,168,0
3574,16,169,0
3575,16,170,0
3576,16,171,0
3577,16,172,0
3578,16,173,0
3579,16,174,0
3580,16,175,0
3581,16,176,0
3582,16,177,0
3583,16,178,0
3584,16,179,0
3585,16,180,0
3586,16,181,0
3587,16,182,0
3588,16,183,0
3589,16,184,0
3590,16,185,0
3591,16,186,0
3592,16,187,0
3593,16,188,0
3594,16,189,0
3595,16,190,0
3596,16,191,0
3597,16,192,0
3598,16,193,0
3599,16,194,0
3600,16,195,0
3601,16,196,0
3602,16,197,0
3603,16,198,0
3604,16,199,0
3605,16,200,0
3606,16,201,0
3607,16,202,0
3608,16,203,0
3609,16,204,0
3610,16,205,0
3611,16,206,0
3612,16,207,0
3613,16,208,0
3614,16,209,0
3615,16,210,0
3616,16,211,0
3617,16,212,0
3618,16,213,0
3619,16,214,0
3620,16,215,0
3621,16,216,0
3622,16,217,0
3623,16,218,0
3624,16,219,0
3625,16,220,0
3626,16,221,0
3627,16,222,0
3628,16,223,0
3629,16,224,0
3630,16,225,0
3631,16,226,0
3632,16,227,0
3633,16,228,0
3634,16,229,0
3635,16,230,0
3636,16,231,0
3637,16,232,0
3638,16,233,0
3639,16,234,0
3640,16,235,0
3641,16,236,0
3642,16,237,0
3643,16,238,0
3644,16,239,0
3645,16,240,0
3646,16,241,0
3647,16,242,0
3648,16,243,0
3649,16,244,0
3650,16,245,0
3651,16,246,0
3652,16,247,0
3653,16,248,0
3654,16,249,0
3655,16,250,1
3656,16,251,1
3657,16,252,1
3658,16,253,1
3659,16,254,1
3660,17,1,0
3661,17,2,0
3662,17,3,0
3663,17,4,0
3664,17,5,0
3665,17,6,0
3666,17,7,0
3667,17,8,0
3668,17,9,0
3669,17,10,0
3670,17,11,0
3671,17,12,0
3672,17,13,0
3673,17,14,0
3674,17,15,0
3675,17,16,0
3676,17,17,0
3677,17,18,0
3678,17,19,0
3679,17,20,0
3680,17,21,0
3681,17,22,0
3682,17,23,0
3683,17,24,0
3684,17,25,0
3685,17,26,0
3686,17,27,0
3687,17,28,0
3688,17,29,0
3689,17,30,0
3690,17,31,0
3691,17,32,0
3692,17,33,0
3693,17,34,0
3694,17,35,0
3695,17,36,0
3696,17,37,0
3697,17,38,0
3698,17,39,0
3699,17,40,0
3700,17,41,0
3701,17,42,0
3702,17,43,0
3703,17,44,0
3704,17,45,0
3705,17,46,0
3706,17,47,0
3707,17,48,0
3708,17,49,0
3709,17,50,0
3710,17,51,0
3711,17,52,0
3712,17,53,0
3713,17,54,0
3714,17,55,0
3715,17,56,0
3716,17,57,0
3717,17,58,0
3718,17,59,0
3719,17,60,0
3720,17,61,0
3721,17,62,0
3722,17,63,0
3723,17,64,0
3724,17,65,0
3725,17,66,0
3726,17,67,0
3727,17,68,0
3728,17,69,0
3729,17,70,0
3730,17,71,0
3731,17,72,0
3732,17,73,0
3733,17,74,0
3734,17,75,0
3735,17,76,0
3736,17,77,0
3737,17,78,0
3738,17,79,0
3739,17,80,0
3740,17,81,0
3741,17,82,0
3742,17,83,0
3743,17,84,0
3744,17,85,0
3745,17,86,0
3746,17,87,0
3747,17,88,0
3748,17,89,0
3749,17,90,0
3750,17,91,0
3751,17,92,0
3752,17,93,0
3753,17,94,0
3754,17,95,0
3755,17,96,0
3756,17,97,0
3757,17,98,0
3758,17,99,0
3759,17,100,0
3760,17,101,0
3761,17,102,0
3762,17,103,0
3763,17,104,0
3764,17,105,0
3765,17,106,0
3766,17,107,0
3767,17,108,0
3768,17,109,0
3769,17,110,0
3770,17,111,0
3771,17,112,0
3772,17,113,0
3773,17,114,0
3774,17,115,0
3775,17,116,0
3776,17,117,0
3777,17,118,0
3778,17,119,0
3779,17,120,0
3780,17,121,0
3781,17,122,0
3782,17,123,0
3783,17,124,0
3784,17,125,0
3785,17,126,0
3786,17,127,0
3787,17,128,0
3788,17,129,0
3789,17,130,0
3790,17,131,0
3791,17,132,0
3792,17,133,0
3793,17,134,0
3794,17,135,0
3795,17,136,0
3796,17,137,0
3797,17,138,0
3798,17,139,0
3799,17,140,0
3800,17,141,0
3801,17,142,0
3802,17,143,0
3803,17,144,0
3804,17,145,0
3805,17,146,0
3806,17,147,0
3807,17,148,0
3808,17,149,0
3809,17,150,0
3810,17,151,0
3811,17,152,0
3812,17,153,0
3813,17,154,0
3814,17,155,0
3815,17,156,0
3816,17,157,0
3817,17,158,0
3818,17,159,0
3819,17,160,0
3820,17,161,0
3821,17,162,0
3822,17,163,0
3823,17,164,0
3824,17,165,0
3825,17,166,0
3826,17,167,0
3827,17,168,0
3828,17,169,0
3829,17,170,0
3830,17,171,0
3831,17,172,0
3832,17,173,0
3833,17,174,0
3834,17,175,0
3835,17,176,0
3836,17,177,0
3837,17,178,0
3838,17,179,0
3839,17,180,0
3840,17,181,0
3841,17,182,0
3842,17,183,0
3843,17,184,0
3844,17,185,0
3845,17,186,0
3846,17,187,0
3847,17,188,0
3848,17,189,0
3849,17,190,0
3850,17,191,0
3851,17,192,0
3852,17,193,0
3853,17,194,0
3854,17,195,0
3855,17,196,0
3856,17,197,0
3857,17,198,0
3858,17,199,0
3859,17,200,0
3860,17,201,0
3861,17,202,0
3862,17,203,0
3863,17,204,0
3864,17,205,0
3865,17,206,0
3866,17,207,0
3867,17,208,0
3868,17,209,0
3869,17,210,0
3870,17,211,0
3871,17,212,0
3872,17,213,0
3873,17,214,0
3874,17,215,0
3875,17,216,0
3876,17,217,0
3877,17,218,0
3878,17,219,0
3879,17,220,0
3880,17,221,0
3881,17,222,0
3882,17,223,0
3883,17,224,0
3884,17,225,0
3885,17,226,0
3886,17,227,0
3887,17,228,0
3888,17,229,0
3889,17,230,0
3890,17,231,0
3891,17,232,0
3892,17,233,0
3893,17,234,0
3894,17,235,0
3895,17,236,0
3896,17,237,0
3897,17,238,0
3898,17,239,0
3899,17,240,0
3900,17,241,0
3901,17,242,0
3902,17,243,0
3903,17,244,0
3904,17,245,0
3905,17,246,0
3906,17,247,0
3907,17,248,0
3908,17,249,0
3909,17,250,0
3910,17,251,0
3911,17,252,0
3912,17,253,0
3913,17,254,0
3914,17,255,0
3915,17,256,0
3916,17,257,0
3917,17,258,0
3918,17,259,0
3919,17,260,0
3920,17,261,0
3921,17,262,0
3922,17,263,0
3923,17,264,0
3924,8,239,0
3925,8,240,0
3926,8,241,0
3927,8,242,0
3928,8,243,0
3929,8,244,0
3930,8,245,0
3931,8,246,0
3932,8,247,0
3933,8,248,0
3934,8,249,0
3935,8,250,0
3936,8,251,0
3937,8,252,0
3938,8,253,0
3939,8,254,0
3940,8,255,0
3941,8,256,0
3942,8,257,0
3943,8,258,0
3944,8,259,0
3945,8,260,0
3946,8,261,0
3947,8,262,0
3948,8,263,0
3949,8,264,0
3950,12,239,0
3951,12,240,0
3952,12,241,0
3953,12,242,0
3954,12,243,0
3955,12,244,0
3956,12,245,0
3957,12,246,0
3958,12,247,0
3959,12,248,0
3960,12,249,0
3961,12,250,0
3962,12,251,0
3963,12,252,0
3964,12,253,0
3965,12,254,0
3966,12,255,0
3967,12,256,0
3968,12,257,0
3969,12,258,0
3970,12,259,0
3971,12,260,0
3972,12,261,0
3973,12,262,0
3974,12,263,0
3975,12,264,0
3976,12,265,1
3977,12,266,1
3978,12,267,1
3979,12,268,1
3980,12,269,1
3981,12,270,0
3982,12,271,0
3983,12,272,0
3984,12,273,0
3985,12,274,0
3986,12,275,0
3987,12,276,0
3988,12,277,0
3989,12,278,0
3990,12,279,0
3991,12,280,0
3992,12,281,0
3993,12,282,0
3994,12,283,0
3995,12,284,0
3996,12,285,0
3997,12,286,0
3998,12,287,0
3999,12,288,0
4000,12,289,0
4001,12,290,0
4002,12,291,0
4003,12,292,0
4004,12,293,0
4005,12,294,0
4006,15,239,0
4007,15,240,0
4008,15,241,0
4009,15,242,0
4010,15,243,0
4011,15,244,0
4012,15,245,0
4013,15,246,0
4014,15,247,0
4015,15,248,0
4016,15,249,0
4017,15,250,0
4018,15,251,0
4019,15,252,0
4020,15,253,0
4021,15,254,0
4022,15,255,0
4023,15,256,0
4024,15,257,0
4025,15,258,0
4026,15,259,0
4027,15,260,0
4028,15,261,0
4029,15,262,0
4030,15,263,0
4031,15,264,0
4032,15,265,0
4033,15,266,0
4034,15,267,0
4035,15,268,0
4036,15,269,0
4037,15,270,0
4038,15,271,0
4039,15,272,0
4040,15,273,0
4041,15,274,0
4042,15,275,0
4043,15,276,0
4044,15,277,0
4045,15,278,0
4046,15,279,0
4047,15,280,0
4048,15,281,0
4049,15,282,0
4050,15,283,0
4051,15,284,0
4052,15,285,1
4053,15,286,1
4054,15,287,1
4055,15,288,1
4056,15,289,1
4057,15,290,0
4058,15,291,0
4059,15,292,0
4060,15,293,0
4061,15,294,0
4062,11,239,0
4063,11,240,0
4064,11,241,0
4065,11,242,0
4066,11,243,0
4067,11,244,0
4068,11,245,0
4069,11,246,0
4070,11,247,0
4071,11,248,0
4072,11,249,0
4073,11,250,0
4074,11,251,0
4075,11,252,0
4076,11,253,0
4077,11,254,0
4078,11,255,0
4079,11,256,0
4080,11,257,0
4081,11,258,0
4082,11,259,0
4083,11,260,0
4084,11,261,0
4085,11,262,0
4086,11,263,0
4087,11,264,0
4088,11,265,0
4089,11,266,0
4090,11,267,0
4091,11,268,0
4092,11,269,0
4093,11,270,0
4094,11,271,0
4095,11,272,0
4096,11,273,0
4097,11,274,0
4098,11,275,1
4099,11,276,1
4100,11,277,1
4101,11,278,1
4102,11,279,1
4103,11,280,0
4104,11,281,0
4105,11,282,0
4106,11,283,0
4107,11,284,0
4108,11,285,0
4109,11,286,0
4110,11,287,0
4111,11,288,0
4112,11,289,0
4113,11,290,0
4114,11,291,0
4115,11,292,0
4116,11,293,0
4117,11,294,0
4118,10,240,0
4119,10,241,0
4120,10,242,0
4121,10,243,0
4122,10,244,0
4123,10,245,0
4124,10,246,0
4125,10,247,0
4126,10,248,0
4127,10,249,0
4128,10,250,0
4129,10,251,0
4130,10,252,0
4131,10,253,0
4132,10,254,0
4133,10,255,0
4134,10,256,0
4135,10,257,0
4136,10,258,0
4137,10,259,0
4138,10,260,0
4139,10,261,0
4140,10,262,0
4141,10,263,0
4142,10,264,0
4143,10,265,0
4144,10,266,0
4145,10,267,0
4146,10,268,0
4147,10,269,0
4148,10,270,0
4149,10,271,0
4150,10,272,0
4151,10,273,0
4152,10,274,0
4153,10,275,0
4154,10,276,0
4155,10,277,0
4156,10,278,0
4157,10,279,0
4158,10,280,1
4159,10,281,1
4160,10,282,1
4161,10,283,1
4162,10,284,1
4163,10,285,0
4164,10,286,0
4165,10,287,0
4166,10,288,0
4167,10,289,0
4168,10,290,0
4169,10,291,0
4170,10,292,0
4171,10,293,0
4172,10,294,0
4173,13,250,0
4174,13,251,0
4175,13,252,0
4176,13,253,0
4177,13,254,0
4178,13,255,0
4179,13,256,0
4180,13,257,0
4181,13,258,0
4182,13,259,0
4183,13,260,0
4184,13,261,0
4185,13,262,0
4186,13,263,0
4187,13,264,0
4188,13,265,0
4189,13,266,0
4190,13,267,0
4191,13,268,0
4192,13,269,0
4193,13,270,1
4194,13,271,1
4195,13,272,1
4196,13,273,1
4197,13,274,1
4198,13,275,0
4199,13,276,0
4200,13,277,0
4201,13,278,0
4202,13,279,0
4203,13,280,0
4204,13,281,0
4205,13,282,0
4206,13,283,0
4207,13,284,0
4208,13,285,0
4209,13,286,0
4210,13,287,0
4211,13,288,0
4212,13,289,0
4213,13,290,0
4214,13,291,0
4215,13,292,0
4216,13,293,0
4217,13,294,0
4218,14,239,0
4219,14,240,0
4220,14,241,0
4221,14,242,0
4222,14,243,0
4223,14,244,0
4224,14,245,0
4225,14,246,0
4226,14,247,0
4227,14,248,0
4228,14,249,0
4229,14,250,0
4230,14,251,0
4231,14,252,0
4232,14,253,0
4233,14,254,0
4234,14,255,0
4235,14,256,0
4236,14,257,0
4237,14,258,0
4238,14,259,0
4239,14,260,0
4240,14,261,0
4241,14,262,0
4242,14,263,0
4243,14,264,0
4244,14,265,0
4245,14,266,0
4246,14,267,0
4247,14,268,0
4248,14,269,0
4249,14,270,0
4250,14,271,0
4251,14,272,0
4252,14,273,0
4253,14,274,0
4254,14,275,0
4255,14,276,0
4256,14,277,0
4257,14,278,0
4258,14,279,0
4259,14,280,0
4260,14,281,0
4261,14,282,0
4262,14,283,0
4263,14,284,0
4264,14,285,0
4265,14,286,0
4266,14,287,0
4267,14,288,0
4268,14,289,0
4269,14,290,0
4270,14,291,0
4271,14,292,0
4272,14,293,0
4273,14,294,0
4274,14,295,1
4275,14,296,1
4276,14,297,1
4277,14,298,1
4278,14,299,1
4279,11,295,0
4280,11,296,0
4281,11,297,0
4282,11,298,0
4283,11,299,0
4284,12,295,0
4285,12,296,0
4286,12,297,0
4287,12,298,0
4288,12,299,0
4289,12,300,0
4290,12,301,0
4291,12,302,0
4292,12,303,0
4293,12,304,0
4294,12,305,0
4295,12,306,0
4296,12,307,0
4297,12,308,0
4298,12,309,0
4299,12,310,0
4300,12,311,0
4301,12,312,0
4302,12,313,0
4303,12,314,0
4304,12,315,0
4305,12,316,0
4306,12,317,0
4307,12,318,0
4308,12,319,0
4309,12,320,1
4310,12,321,1
4311,12,322,1
4312,12,323,1
4313,12,324,1
4314,12,325,0
4315,12,326,0
4316,12,327,0
4317,12,328,0
4318,12,329,0
4319,12,330,0
4320,12,331,0
4321,12,332,0
4322,12,333,0
4323,12,334,0
4324,14,300,0
4325,14,301,0
4326,14,302,0
4327,14,303,0
4328,14,304,0
4329,14,305,0
4330,14,306,0
4331,14,307,0
4332,14,308,0
4333,14,309,0
4334,14,310,0
4335,14,311,0
4336,14,312,0
4337,14,313,0
4338,14,314,0
4339,14,315,0
4340,14,316,0
4341,14,317,0
4342,14,318,0
4343,14,319,0
4344,14,320,0
4345,14,321,0
4346,14,322,0
4347,14,323,0
4348,14,324,0
4349,14,325,1
4350,14,326,1
4351,14,327,1
4352,14,328,1
4353,14,329,1
4354,14,330,0
4355,14,331,0
4356,14,332,0
4357,14,333,0
4358,14,334,0
4359,11,300,0
4360,11,301,0
4361,11,302,0
4362,11,303,0
4363,11,304,0
4364,11,305,0
4365,11,306,0
4366,11,307,0
4367,11,308,0
4368,11,309,0
4369,11,310,0
4370,11,311,0
4371,11,312,0
4372,11,313,0
4373,11,314,0
4374,11,315,1
4375,11,316,1
4376,11,317,1
4377,11,318,1
4378,11,319,1
4379,11,320,0
4380,11,321,0
4381,11,322,0
4382,11,323,0
4383,11,324,0
4384,11,325,0
4385,11,326,0
4386,11,327,0
4387,11,328,0
4388,11,329,0
4389,11,330,0
4390,11,331,0
4391,11,332,0
4392,11,333,0
4393,11,334,0
4394,10,295,0
4395,10,296,0
4396,10,297,0
4397,10,298,0
4398,10,299,0
4399,10,300,1
4400,10,301,1
4401,10,302,1
4402,10,303,1
4403,10,304,1
4404,10,305,0
4405,10,306,0
4406,10,307,0
4407,10,308,0
4408,10,309,0
4409,10,310,0
4410,10,311,0
4411,10,312,0
4412,10,313,0
4413,10,314,0
4414,10,315,0
4415,10,316,0
4416,10,317,0
4417,10,318,0
4418,10,319,0
4419,10,320,0
4420,10,321,0
4421,10,322,0
4422,10,323,0
4423,10,324,0
4424,10,325,0
4425,10,326,0
4426,10,327,0
4427,10,328,0
4428,10,329,0
4429,10,330,0
4430,10,331,0
4431,10,332,0
4432,10,333,0
4433,10,334,0
4434,8,265,0
4435,8,266,0
4436,8,267,0
4437,8,268,0
4438,8,269,0
4439,8,270,0
4440,8,271,0
4441,8,272,0
4442,8,273,0
4443,8,274,0
4444,8,275,0
4445,8,276,0
4446,8,277,0
4447,8,278,0
4448,8,279,0
4449,8,280,0
4450,8,281,0
4451,8,282,0
4452,8,283,0
4453,8,284,0
4454,8,285,0
4455,8,286,0
4456,8,287,0
4457,8,288,0
4458,8,289,0
4459,8,290,0
4460,8,291,0
4461,8,292,0
4462,8,293,0
4463,8,294,0
4464,8,295,0
4465,8,296,0
4466,8,297,0
4467,8,298,0
4468,8,299,0
4469,8,300,0
4470,8,301,0
4471,8,302,0
4472,8,303,0
4473,8,304,0
4474,8,305,0
4475,8,306,0
4476,8,307,0
4477,8,308,0
4478,8,309,0
4479,8,310,0
4480,8,311,0
4481,8,312,0
4482,8,313,0
4483,8,314,0
4484,8,315,0
4485,8,316,0
4486,8,317,0
4487,8,318,0
4488,8,319,0
4489,8,320,0
4490,8,321,0
4491,8,322,0
4492,8,323,0
4493,8,324,0
4494,8,325,0
4495,8,326,0
4496,8,327,0
4497,8,328,0
4498,8,329,0
4499,8,330,0
4500,8,331,0
4501,8,332,0
4502,8,333,0
4503,8,334,0
4504,8,335,0
4505,8,336,0
4506,8,337,0
4507,8,338,0
4508,8,339,0
4509,8,340,0
4510,8,341,0
4511,8,342,0
4512,8,343,0
4513,8,344,0
4514,8,345,0
4515,8,346,0
4516,8,347,0
4517,8,348,0
4518,8,349,0
4519,8,350,0
4520,8,351,0
4521,8,352,0
4522,8,353,0
4523,8,354,0
4524,8,355,0
4525,8,356,0
4526,8,357,0
4527,8,358,0
4528,8,359,0
4529,8,360,0
4530,8,361,0
4531,8,362,0
4532,8,363,0
4533,8,364,0
4534,8,365,0
4535,8,366,0
4536,8,367,0
4537,8,368,0
4538,8,369,1
4539,12,335,0
4540,12,336,0
4541,12,337,0
4542,12,338,0
4543,12,339,0
4544,12,340,0
4545,12,341,0
4546,12,342,0
4547,12,343,0
4548,12,344,0
4549,12,345,0
4550,12,346,0
4551,12,347,0
4552,12,348,0
4553,12,349,0
4554,12,350,0
4555,12,351,0
4556,12,352,0
4557,12,353,0
4558,12,354,0
4559,12,355,0
4560,12,356,0
4561,12,357,0
4562,12,358,0
4563,12,359,0
4564,12,360,0
4565,12,361,0
4566,12,362,0
4567,12,363,0
4568,12,364,0
4569,12,365,0
4570,12,366,0
4571,12,367,0
4572,12,368,0
4573,12,369,0
4574,12,370,1
4575,12,371,1
4576,12,372,1
4577,12,373,1
4578,12,374,0
4579,12,375,0
4580,12,376,0
4581,12,377,0
4582,12,378,0
4583,12,379,0
4584,12,380,0
4585,12,381,0
4586,12,382,0
4587,12,383,0
4588,12,384,0
4589,12,385,0
4590,12,386,0
4591,12,387,0
4592,12,388,0
4593,12,389,0
4594,14,335,0
4595,14,336,0
4596,14,337,0
4597,14,338,0
4598,14,339,0
4599,14,340,0
4600,14,341,0
4601,14,342,0
4602,14,343,0
4603,14,344,0
4604,14,345,0
4605,14,346,0
4606,14,347,0
4607,14,348,0
4608,14,349,0
4609,14,350,0
4610,14,351,0
4611,14,352,0
4612,14,353,0
4613,14,354,0
4614,14,355,0
4615,14,356,0
4616,14,357,0
4617,14,358,0
4618,14,359,0
4619,14,360,0
4620,14,361,0
4621,14,362,0
4622,14,363,0
4623,14,364,0
4624,14,365,0
4625,14,366,0
4626,14,367,0
4627,14,368,0
4628,14,369,0
4629,14,370,0
4630,14,371,0
4631,14,372,0
4632,14,373,0
4633,14,374,0
4634,14,375,1
4635,14,376,1
4636,14,377,1
4637,14,378,1
4638,14,379,1
4639,14,380,0
4640,14,381,0
4641,14,382,0
4642,14,383,0
4643,14,384,0
4644,14,385,0
4645,14,386,0
4646,14,387,0
4647,14,388,0
4648,14,389,0
4649,11,335,0
4650,11,336,0
4651,11,337,0
4652,11,338,0
4653,11,339,0
4654,11,340,0
4655,11,341,0
4656,11,342,0
4657,11,343,0
4658,11,344,0
4659,11,345,0
4660,11,346,0
4661,11,347,0
4662,11,348,0
4663,11,349,0
4664,11,350,0
4665,11,351,0
4666,11,352,0
4667,11,353,0
4668,11,354,0
4669,11,355,0
4670,11,356,0
4671,11,357,0
4672,11,358,0
4673,11,359,0
4674,11,360,0
4675,11,361,0
4676,11,362,0
4677,11,363,0
4678,11,364,0
4679,11,365,0
4680,11,366,0
4681,11,367,0
4682,11,368,0
4683,11,369,0
4684,11,370,0
4685,11,371,0
4686,11,372,0
4687,11,373,0
4688,11,374,0
4689,11,375,0
4690,11,376,0
4691,11,377,0
4692,11,378,0
4693,11,379,0
4694,11,380,1
4695,11,381,1
4696,11,382,1
4697,11,383,1
4698,11,384,1
4699,11,385,0
4700,11,386,0
4701,11,387,0
4702,11,388,0
4703,11,389,0
4704,10,335,0
4705,10,336,0
4706,10,337,0
4707,10,338,0
4708,10,339,0
4709,10,340,0
4710,10,341,0
4711,10,342,0
4712,10,343,0
4713,10,344,0
4714,10,345,0
4715,10,346,0
4716,10,347,0
4717,10,348,0
4718,10,349,0
4719,10,350,0
4720,10,351,0
4721,10,352,0
4722,10,353,0
4723,10,354,0
4724,10,355,0
4725,10,356,0
4726,10,357,0
4727,10,358,0
4728,10,359,0
4729,10,360,0
4730,10,361,0
4731,10,362,0
4732,10,363,0
4733,10,364,0
4734,10,365,0
4735,10,366,0
4736,10,367,0
4737,10,368,0
4738,10,369,0
4739,10,370,0
4740,10,371,0
4741,10,372,0
4742,10,373,0
4743,10,374,0
4744,10,375,0
4745,10,376,0
4746,10,377,0
4747,10,378,0
4748,10,379,0
4749,10,380,0
4750,10,381,0
4751,10,382,0
4752,10,383,0
4753,10,384,0
4754,10,385,1
4755,10,386,1
4756,10,387,1
4757,10,388,1
4758,10,389,1
4759,4,157,0
4760,4,158,0
4761,4,159,0
4762,4,160,0
4763,4,161,0
4764,4,162,0
4765,4,163,0
4766,4,164,0
4767,4,165,0
4768,4,166,0
4769,4,167,0
4770,4,168,0
4771,4,169,0
4772,4,170,0
4773,4,171,0
4774,4,172,0
4775,4,173,0
4776,4,174,0
4777,4,175,0
4778,4,176,0
4779,4,177,0
4780,4,178,0
4781,4,179,0
4782,4,180,0
4783,4,181,0
4784,4,182,0
4785,4,183,0
4786,4,184,0
4787,4,185,0
4788,4,186,0
4789,4,187,0
4790,4,188,0
4791,4,189,0
4792,4,190,0
4793,4,191,0
4794,4,192,0
4795,4,193,0
4796,4,194,0
4797,4,195,0
4798,4,196,0
4799,4,197,0
4800,4,198,0
4801,4,199,0
4802,4,200,0
4803,4,201,0
4804,4,202,0
4805,4,203,0
4806,4,204,0
4807,4,205,0
4808,4,206,0
4809,4,207,0
4810,4,208,0
4811,4,209,0
4812,4,210,0
4813,4,211,0
4814,4,212,0
4815,4,213,0
4816,4,214,0
4817,4,215,0
4818,4,216,0
4819,4,217,0
4820,4,218,0
4821,4,219,0
4822,4,220,0
4823,4,221,0
4824,4,222,0
4825,4,223,0
4826,4,224,0
4827,4,225,0
4828,4,226,0
4829,4,227,0
4830,4,228,0
4831,4,229,0
4832,4,230,0
4833,4,231,0
4834,4,232,0
4835,4,233,0
4836,4,234,0
4837,4,235,0
4838,4,236,0
4839,4,237,0
4840,4,238,0
4841,4,239,0
4842,4,240,0
4843,4,241,0
4844,4,242,0
4845,4,243,0
4846,4,244,0
4847,4,245,0
4848,4,246,0
4849,4,247,0
4850,4,248,0
4851,4,249,0
4852,4,250,0
4853,4,251,0
4854,4,252,0
4855,4,253,0
4856,4,254,0
4857,4,255,0
4858,4,256,0
4859,4,257,0
4860,4,258,0
4861,4,259,0
4862,4,260,0
4863,4,261,0
4864,4,262,0
4865,4,263,0
4866,4,264,0
4867,4,265,0
4868,4,266,0
4869,4,267,0
4870,4,268,0
4871,4,269,0
4872,4,270,0
4873,4,271,0
4874,4,272,0
4875,4,273,0
4876,4,274,0
4877,4,275,0
4878,4,276,0
4879,4,277,0
4880,4,278,0
4881,4,279,0
4882,4,280,0
4883,4,281,0
4884,4,282,0
4885,4,283,0
4886,4,284,0
4887,4,285,0
4888,4,286,0
4889,4,287,0
4890,4,288,0
4891,4,289,0
4892,4,290,0
4893,4,291,0
4894,4,292,0
4895,4,293,0
4896,4,294,0
4897,4,295,0
4898,4,296,0
4899,4,297,0
4900,4,298,0
4901,4,299,0
4902,4,300,0
4903,4,301,0
4904,4,302,0
4905,4,303,0
4906,4,304,0
4907,4,305,0
4908,4,306,0
4909,4,307,0
4910,4,308,0
4911,4,309,0
4912,4,310,0
4913,4,311,0
4914,4,312,0
4915,4,313,0
4916,4,314,0
4917,4,315,0
4918,4,316,0
4919,4,317,0
4920,4,318,0
4921,4,319,0
4922,4,320,0
4923,4,321,0
4924,4,322,0
4925,4,323,0
4926,4,324,0
4927,4,325,0
4928,4,326,0
4929,4,327,0
4930,4,328,0
4931,4,329,0
4932,4,330,0
4933,4,331,0
4934,4,332,0
4935,4,333,0
4936,4,334,0
4937,4,335,0
4938,4,336,0
4939,4,337,0
4940,4,338,0
4941,4,339,0
4942,4,340,0
4943,4,341,0
4944,4,342,0
4945,4,343,0
4946,4,344,0
4947,4,345,0
4948,4,346,0
4949,4,347,0
4950,4,348,0
4951,4,349,0
4952,4,350,0
4953,4,351,0
4954,4,352,0
4955,4,353,0
4956,4,354,0
4957,4,355,0
4958,4,356,0
4959,4,357,0
4960,4,358,0
4961,4,359,0
4962,4,360,0
4963,4,361,0
4964,4,362,0
4965,4,363,0
4966,4,364,0
4967,4,365,0
4968,4,366,0
4969,4,367,0
4970,4,368,0
4971,4,369,0
4972,4,370,0
4973,4,371,0
4974,4,372,0
4975,4,373,0
4976,4,374,0
4977,4,375,0
4978,4,376,0
4979,4,377,0
4980,4,378,0
4981,4,379,0
4982,4,380,0
4983,4,381,0
4984,4,382,0
4985,4,383,0
4986,4,384,0
4987,4,385,0
4988,4,386,0
4989,4,387,0
4990,4,388,0
4991,4,389,0
4992,3,157,0
4993,3,158,0
4994,3,159,0
4995,3,160,0
4996,3,161,0
4997,3,162,0
4998,3,163,0
4999,3,164,0
5000,3,165,0
5001,3,166,0
5002,3,167,0
5003,3,168,0
5004,3,169,0
5005,3,170,0
5006,3,171,0
5007,3,172,0
5008,3,173,0
5009,3,174,0
5010,3,175,0
5011,3,176,0
5012,3,177,0
5013,3,178,0
5014,3,179,0
5015,3,180,0
5016,3,181,0
5017,3,182,0
5018,3,183,0
5019,3,184,0
5020,3,185,0
5021,3,186,0
5022,3,187,0
5023,3,188,0
5024,3,189,0
5025,3,190,0
5026,3,191,0
5027,3,192,0
5028,3,193,0
5029,3,194,0
5030,3,195,0
5031,3,196,0
5032,3,197,0
5033,3,198,0
5034,3,199,0
5035,3,200,0
5036,3,201,0
5037,3,202,0
5038,3,203,0
5039,3,204,0
5040,3,205,0
5041,3,206,0
5042,3,207,0
5043,3,208,0
5044,3,209,0
5045,3,210,0
5046,3,211,0
5047,3,212,0
5048,3,213,0
5049,3,214,0
5050,3,215,0
5051,3,216,0
5052,3,217,0
5053,3,218,0
5054,3,219,0
5055,3,220,0
5056,3,221,0
5057,3,222,0
5058,3,223,0
5059,3,224,0
5060,3,225,0
5061,3,226,0
5062,3,227,0
5063,3,228,0
5064,3,229,0
5065,3,230,0
5066,3,231,0
5067,3,232,0
5068,3,233,0
5069,3,234,0
5070,3,235,0
5071,3,236,0
5072,3,237,0
5073,3,238,0
5074,3,239,0
5075,3,240,0
5076,3,241,0
5077,3,242,0
5078,3,243,0
5079,3,244,0
5080,3,245,0
5081,3,246,0
5082,3,247,0
5083,3,248,0
5084,3,249,0
5085,3,250,0
5086,3,251,0
5087,3,252,0
5088,3,253,0
5089,3,254,0
5090,3,255,0
5091,3,256,0
5092,3,257,0
5093,3,258,0
5094,3,259,0
5095,3,260,0
5096,3,261,0
5097,3,262,0
5098,3,263,0
5099,3,264,0
5100,3,265,0
5101,3,266,0
5102,3,267,0
5103,3,268,0
5104,3,269,0
5105,3,270,0
5106,3,271,0
5107,3,272,0
5108,3,273,0
5109,3,274,0
5110,3,275,0
5111,3,276,0
5112,3,277,0
5113,3,278,0
5114,3,279,0
5115,3,280,0
5116,3,281,0
5117,3,282,0
5118,3,283,0
5119,3,284,0
5120,3,285,0
5121,3,286,0
5122,3,287,0
5123,3,288,0
5124,3,289,0
5125,3,290,0
5126,3,291,0
5127,3,292,0
5128,3,293,0
5129,3,294,0
5130,3,295,0
5131,3,296,0
5132,3,297,0
5133,3,298,0
5134,3,299,0
5135,3,300,0
5136,3,301,0
5137,3,302,0
5138,3,303,0
5139,3,304,0
5140,3,305,0
5141,3,306,0
5142,3,307,0
5143,3,308,0
5144,3,309,0
5145,3,310,0
5146,3,311,0
5147,3,312,0
5148,3,313,0
5149,3,314,0
5150,3,315,0
5151,3,316,0
5152,3,317,0
5153,3,318,0
5154,3,319,0
5155,3,320,0
5156,3,321,0
5157,3,322,0
5158,3,323,0
5159,3,324,0
5160,3,325,0
5161,3,326,0
5162,3,327,0
5163,3,328,0
5164,3,329,0
5165,3,330,0
5166,3,331,0
5167,3,332,0
5168,3,333,0
5169,3,334,0
5170,3,335,0
5171,3,336,0
5172,3,337,0
5173,3,338,0
5174,3,339,0
5175,3,340,0
5176,3,341,0
5177,3,342,0
5178,3,343,0
5179,3,344,0
5180,3,345,0
5181,3,346,0
5182,3,347,0
5183,3,348,0
5184,3,349,0
5185,3,350,0
5186,3,351,0
5187,3,352,0
5188,3,353,0
5189,3,354,0
5190,3,355,0
5191,3,356,0
5192,3,357,0
5193,3,358,0
5194,3,359,0
5195,3,360,0
5196,3,361,0
5197,3,362,0
5198,3,363,0
5199,3,364,0
5200,3,365,0
5201,3,366,0
5202,3,367,0
5203,3,368,0
5204,3,369,0
5205,3,370,0
5206,3,371,0
5207,3,372,0
5208,3,373,0
5209,3,374,0
5210,3,375,0
5211,3,376,0
5212,3,377,0
5213,3,378,0
5214,3,379,0
5215,3,380,0
5216,3,381,0
5217,3,382,0
5218,3,383,0
5219,3,384,0
5220,3,385,0
5221,3,386,0
5222,3,387,0
5223,3,388,0
5224,3,389,0
5225,15,295,0
5226,15,296,0
5227,15,297,0
5228,15,298,0
5229,15,299,0
5230,15,300,0
5231,15,301,0
5232,15,302,0
5233,15,303,0
5234,15,304,0
5235,15,305,0
5236,15,306,0
5237,15,307,1
5238,15,308,1
5239,15,309,1
5240,15,310,0
5241,15,311,0
5242,15,312,0
5243,15,313,0
5244,15,314,0
5245,15,315,0
5246,15,316,0
5247,15,317,0
5248,15,318,0
5249,15,319,0
5250,15,320,0
5251,15,321,0
5252,15,322,0
5253,15,323,0
5254,15,324,0
5255,15,325,0
5256,15,326,0
5257,15,327,0
5258,15,328,0
5259,15,329,0
5260,15,330,0
5261,15,331,0
5262,15,332,0
5263,15,333,0
5264,15,334,0
5265,15,335,0
5266,15,336,0
5267,15,337,0
5268,15,338,0
5269,15,339,0
5270,15,340,0
5271,15,341,0
5272,15,342,0
5273,15,343,0
5274,15,344,0
5275,15,345,0
5276,15,346,0
5277,15,347,0
5278,15,348,0
5279,15,349,0
5280,15,350,0
5281,15,351,0
5282,15,352,0
5283,15,353,0
5284,15,354,1
5285,15,355,1
5286,15,356,1
5287,15,357,1
5288,15,358,1
5289,15,359,0
5290,15,360,0
5291,15,361,0
5292,15,362,0
5293,15,363,0
5294,15,364,0
5295,15,365,0
5296,15,366,0
5297,15,367,0
5298,15,368,0
5299,15,369,0
5300,15,370,0
5301,15,371,0
5302,15,372,0
5303,15,373,0
5304,15,374,0
5305,15,375,0
5306,15,376,0
5307,15,377,0
5308,15,378,0
5309,15,379,0
5310,15,380,0
5311,15,381,0
5312,15,382,0
5313,15,383,0
5314,15,384,0
5315,15,385,0
5316,15,386,0
5317,15,387,0
5318,15,388,0
5319,15,389,0
5320,15,390,1
5321,15,391,1
5322,15,392,1
5323,15,393,1
5324,15,394,1
5325,18,1,0
5326,18,2,0
5327,18,3,0
5328,18,4,0
5329,18,5,0
5330,18,6,0
5331,18,7,0
5332,18,8,0
5333,18,9,0
5334,18,10,0
5335,18,11,0
5336,18,12,0
5337,18,13,0
5338,18,14,0
5339,18,15,0
5340,18,16,0
5341,18,17,0
5342,18,18,0
5343,18,19,0
5344,18,20,0
5345,18,21,0
5346,18,22,0
5347,18,23,0
5348,18,24,0
5349,18,25,0
5350,18,26,0
5351,18,27,0
5352,18,28,0
5353,18,29,0
5354,18,30,0
5355,18,31,0
5356,18,32,0
5357,18,33,0
5358,18,34,0
5359,18,35,0
5360,18,36,0
5361,18,37,0
5362,18,38,0
5363,18,39,0
5364,18,40,0
5365,18,41,0
5366,18,42,0
5367,18,43,0
5368,18,44,0
5369,18,45,0
5370,18,46,0
5371,18,47,0
5372,18,48,0
5373,18,49,0
5374,18,50,0
5375,18,51,0
5376,18,52,0
5377,18,53,0
5378,18,54,0
5379,18,55,0
5380,18,56,0
5381,18,57,0
5382,18,58,0
5383,18,59,0
5384,18,60,0
5385,18,61,0
5386,18,62,0
5387,18,63,0
5388,18,64,0
5389,18,65,0
5390,18,66,0
5391,18,67,0
5392,18,68,0
5393,18,69,0
5394,18,70,0
5395,18,71,0
5396,18,72,0
5397,18,73,0
5398,18,74,0
5399,18,75,0
5400,18,76,0
5401,18,77,0
5402,18,78,0
5403,18,79,0
5404,18,80,0
5405,18,81,0
5406,18,82,0
5407,18,83,0
5408,18,84,0
5409,18,85,0
5410,18,86,0
5411,18,87,0
5412,18,88,0
5413,18,89,0
5414,18,90,0
5415,18,91,0
5416,18,92,0
5417,18,93,0
5418,18,94,0
5419,18,95,0
5420,18,96,0
5421,18,97,0
5422,18,98,0
5423,18,99,0
5424,18,100,0
5425,18,101,0
5426,18,102,0
5427,18,103,0
5428,18,104,0
5429,18,105,0
5430,18,106,0
5431,18,107,0
5432,18,108,0
5433,18,109,0
5434,18,110,0
5435,18,111,0
5436,18,112,0
5437,18,113,0
5438,18,114,0
5439,18,115,0
5440,18,116,0
5441,18,117,0
5442,18,118,0
5443,18,119,0
5444,18,120,0
5445,18,121,0
5446,18,122,0
5447,18,123,0
5448,18,124,0
5449,18,125,0
5450,18,126,0
5451,18,127,0
5452,18,128,0
5453,18,129,0
5454,18,130,0
5455,18,131,0
5456,18,132,0
5457,18,133,0
5458,18,134,0
5459,18,135,0
5460,18,136,0
5461,18,137,0
5462,18,138,0
5463,18,139,0
5464,18,140,0
5465,18,141,0
5466,18,142,0
5467,18,143,0
5468,18,144,0
5469,18,145,0
5470,18,146,0
5471,18,147,0
5472,18,148,0
5473,18,149,0
5474,18,150,0
5475,18,151,0
5476,18,152,0
5477,18,153,0
5478,18,154,0
5479,18,155,0
5480,18,156,0
5481,18,157,0
5482,18,158,0
5483,18,159,0
5484,18,160,0
5485,18,161,0
5486,18,162,0
5487,18,163,0
5488,18,164,0
5489,18,165,0
5490,18,166,0
5491,18,167,0
5492,18,168,0
5493,18,169,0
5494,18,170,0
5495,18,171,0
5496,18,172,0
5497,18,173,0
5498,18,174,0
5499,18,175,0
5500,18,176,0
5501,18,177,0
5502,18,178,0
5503,18,179,0
5504,18,180,0
5505,18,181,0
5506,18,182,0
5507,18,183,0
5508,18,184,0
5509,18,185,0
5510,18,186,0
5511,18,187,0
5512,18,188,0
5513,18,189,0
5514,18,190,0
5515,18,191,0
5516,18,192,0
5517,18,193,0
5518,18,194,0
5519,18,195,0
5520,18,196,0
5521,18,197,0
5522,18,198,0
5523,18,199,0
5524,18,200,0
5525,18,201,0
5526,18,202,0
5527,18,203,0
5528,18,204,0
5529,18,205,0
5530,18,206,0
5531,18,207,0
5532,18,208,0
5533,18,209,0
5534,18,210,0
5535,18,211,0
5536,18,212,0
5537,18,213,0
5538,18,214,0
5539,18,215,0
5540,18,216,0
5541,18,217,0
5542,18,218,0
5543,18,219,0
5544,18,220,0
5545,18,221,0
5546,18,222,0
5547,18,223,0
5548,18,224,0
5549,18,225,0
5550,18,226,0
5551,18,227,0
5552,18,228,0
5553,18,229,0
5554,18,230,0
5555,18,231,0
5556,18,232,0
5557,18,233,0
5558,18,234,0
5559,18,235,0
5560,18,236,0
5561,18,237,0
5562,18,238,0
5563,18,239,0
5564,18,240,0
5565,18,241,0
5566,18,242,0
5567,18,243,0
5568,18,244,0
5569,18,245,0
5570,18,246,0
5571,18,247,0
5572,18,248,0
5573,18,249,0
5574,18,250,0
5575,18,251,0
5576,18,252,0
5577,18,253,0
5578,18,254,0
5579,18,255,1
5580,18,256,1
5581,18,257,1
5582,18,258,1
5583,18,259,1
5584,18,260,1
5585,18,261,1
5586,18,262,1
5587,18,263,1
5588,18,264,1
5589,18,265,0
5590,18,266,0
5591,18,267,0
5592,18,268,0
5593,18,269,0
5594,18,270,0
5595,18,271,0
5596,18,272,0
5597,18,273,0
5598,18,274,0
5599,18,275,0
5600,18,276,0
5601,18,277,0
5602,18,278,0
5603,18,279,0
5604,18,280,0
5605,18,281,0
5606,18,282,0
5607,18,283,0
5608,18,284,0
5609,18,285,0
5610,18,286,0
5611,18,287,0
5612,18,288,0
5613,18,289,0
5614,18,290,0
5615,18,291,0
5616,18,292,0
5617,18,293,0
5618,18,294,0
5619,18,295,0
5620,18,296,0
5621,18,297,0
5622,18,298,0
5623,18,299,0
5624,18,300,0
5625,18,301,0
5626,18,302,0
5627,18,303,0
5628,18,304,0
5629,18,305,0
5630,18,306,0
5631,18,307,0
5632,18,308,0
5633,18,309,0
5634,18,310,0
5635,18,311,0
5636,18,312,0
5637,18,313,0
5638,18,314,0
5639,18,315,0
5640,18,316,0
5641,18,317,0
5642,18,318,0
5643,18,319,0
5644,18,320,0
5645,18,321,0
5646,18,322,0
5647,18,323,0
5648,18,324,0
5649,18,325,0
5650,18,326,0
5651,18,327,0
5652,18,328,0
5653,18,329,0
5654,18,330,0
5655,18,331,0
5656,18,332,0
5657,18,333,0
5658,18,334,0
5659,18,335,0
5660,18,336,0
5661,18,337,0
5662,18,338,0
5663,18,339,0
5664,18,340,0
5665,18,341,0
5666,18,342,0
5667,18,343,0
5668,18,344,0
5669,18,345,0
5670,18,346,0
5671,18,347,0
5672,18,348,0
5673,18,349,0
5674,18,350,0
5675,18,351,0
5676,18,352,0
5677,18,353,0
5678,18,354,0
5679,18,355,0
5680,18,356,0
5681,18,357,0
5682,18,358,0
5683,18,359,0
5684,18,360,0
5685,18,361,0
5686,18,362,0
5687,18,363,0
5688,18,364,0
5689,18,365,0
5690,18,366,0
5691,18,367,0
5692,18,368,0
5693,18,369,0
5694,18,370,0
5695,18,371,0
5696,18,372,0
5697,18,373,0
5698,18,374,0
5699,18,375,0
5700,18,376,0
5701,18,377,0
5702,18,378,0
5703,18,379,0
5704,18,380,0
5705,18,381,0
5706,18,382,0
5707,18,383,0
5708,18,384,0
5709,18,385,0
5710,18,386,0
5711,18,387,0
5712,18,388,0
5713,18,389,0
5714,18,390,0
5715,18,391,0
5716,18,392,0
5717,18,393,0
5718,18,394,0
5719,16,255,0
5720,16,256,0
5721,16,257,0
5722,16,258,0
5723,16,259,0
5724,16,260,0
5725,16,261,0
5726,16,262,0
5727,16,263,0
5728,16,264,0
5729,16,265,0
5730,16,266,0
5731,16,267,0
5732,16,268,0
5733,16,269,0
5734,16,270,0
5735,16,271,0
5736,16,272,0
5737,16,273,0
5738,16,274,0
5739,16,275,0
5740,16,276,0
5741,16,277,0
5742,16,278,0
5743,16,279,0
5744,16,280,0
5745,16,281,0
5746,16,282,0
5747,16,283,0
5748,16,284,0
5749,16,285,0
5750,16,286,0
5751,16,287,0
5752,16,288,0
5753,16,289,0
5754,16,290,1
5755,16,291,1
5756,16,292,1
5757,16,293,1
5758,16,294,1
5759,16,295,0
5760,16,296,0
5761,16,297,0
5762,16,298,0
5763,16,299,0
5764,16,300,0
5765,16,301,0
5766,16,302,0
5767,16,303,0
5768,16,304,0
5769,16,305,0
5770,16,306,0
5771,16,307,0
5772,16,308,0
5773,16,309,0
5774,16,310,0
5775,16,311,0
5776,16,312,0
5777,16,313,0
5778,16,314,0
5779,16,315,0
5780,16,316,0
5781,16,317,0
5782,16,318,0
5783,16,319,0
5784,16,320,0
5785,16,321,0
5786,16,322,0
5787,16,323,0
5788,16,324,0
5789,16,325,0
5790,16,326,0
5791,16,327,0
5792,16,328,0
5793,16,329,0
5794,16,330,0
5795,16,331,0
5796,16,332,0
5797,16,333,0
5798,16,334,0
5799,16,335,0
5800,16,336,0
5801,16,337,0
5802,16,338,0
5803,16,339,0
5804,16,340,0
5805,16,341,0
5806,16,342,0
5807,16,343,0
5808,16,344,0
5809,16,345,0
5810,16,346,0
5811,16,347,0
5812,16,348,0
5813,16,349,0
5814,16,350,0
5815,16,351,0
5816,16,352,0
5817,16,353,0
5818,16,354,0
5819,16,355,0
5820,16,356,0
5821,16,357,0
5822,16,358,0
5823,16,359,0
5824,16,360,0
5825,16,361,0
5826,16,362,0
5827,16,363,0
5828,16,364,0
5829,16,365,0
5830,16,366,0
5831,16,367,0
5832,16,368,0
5833,16,369,0
5834,16,370,0
5835,16,371,0
5836,16,372,0
5837,16,373,0
5838,16,374,0
5839,16,375,0
5840,16,376,0
5841,16,377,0
5842,16,378,0
5843,16,379,0
5844,16,380,0
5845,16,381,0
5846,16,382,0
5847,16,383,0
5848,16,384,0
5849,16,385,0
5850,16,386,0
5851,16,387,0
5852,16,388,0
5853,16,389,0
5854,16,390,0
5855,16,391,0
5856,16,392,0
5857,16,393,0
5858,16,394,0
5859,16,395,1
5860,16,396,1
5861,16,397,1
5862,16,398,1
5863,16,399,1
5864,8,370,0
5865,8,371,0
5866,8,372,0
5867,8,373,0
5868,8,374,0
5869,8,375,0
5870,8,376,0
5871,8,377,0
5872,8,378,0
5873,8,379,0
5874,8,380,0
5875,8,381,0
5876,8,382,0
5877,8,383,0
5878,8,384,0
5879,8,385,0
5880,8,386,0
5881,8,387,0
5882,8,388,0
5883,8,389,0
5884,8,390,0
5885,8,391,0
5886,8,392,0
5887,8,393,0
5888,8,394,0
5889,8,395,0
5890,8,396,0
5891,8,397,0
5892,8,398,0
5893,8,399,0
5894,1,235,0
5895,1,236,0
5896,1,237,0
5897,1,238,0
5898,1,239,0
5899,1,240,0
5900,1,241,0
5901,1,242,0
5902,1,243,0
5903,1,244,0
5904,1,245,0
5905,1,246,0
5906,1,247,0
5907,1,248,0
5908,1,249,0
5909,1,250,0
5910,1,251,0
5911,1,252,0
5912,1,253,0
5913,1,254,0
5914,1,255,0
5915,1,256,0
5916,1,257,0
5917,1,258,0
5918,1,259,0
5919,1,260,0
5920,1,261,0
5921,1,262,0
5922,1,263,0
5923,1,264,0
5924,1,265,0
5925,1,266,0
5926,1,267,0
5927,1,268,0
5928,1,269,0
5929,1,270,0
5930,1,271,0
5931,1,272,0
5932,1,273,0
5933,1,274,0
5934,1,275,0
5935,1,276,0
5936,1,277,0
5937,1,278,0
5938,1,279,0
5939,1,280,0
5940,1,281,0
5941,1,282,0
5942,1,283,0
5943,1,284,0
5944,1,285,0
5945,1,286,0
5946,1,287,0
5947,1,288,0
5948,1,289,0
5949,1,290,0
5950,1,291,0
5951,1,292,0
5952,1,293,0
5953,1,294,0
5954,1,295,0
5955,1,296,0
5956,1,297,0
5957,1,298,0
5958,1,299,0
5959,1,300,0
5960,1,301,0
5961,1,302,0
5962,1,303,0
5963,1,304,0
5964,1,305,0
5965,1,306,0
5966,1,307,0
5967,1,308,0
5968,1,309,0
5969,1,310,0
5970,1,311,0
5971,1,312,0
5972,1,313,0
5973,1,314,0
5974,1,315,0
5975,1,316,0
5976,1,317,0
5977,1,318,0
5978,1,319,0
5979,1,320,0
5980,1,321,0
5981,1,322,0
5982,1,323,0
5983,1,324,0
5984,1,325,0
5985,1,326,0
5986,1,327,0
5987,1,328,0
5988,1,329,0
5989,1,330,0
5990,1,331,0
5991,1,332,0
5992,1,333,0
5993,1,334,0
5994,1,335,0
5995,1,336,0
5996,1,337,0
5997,1,338,0
5998,1,339,0
5999,1,340,0
6000,1,341,0
6001,1,342,0
6002,1,343,0
6003,1,344,0
6004,1,345,0
6005,1,346,0
6006,1,347,0
6007,1,348,0
6008,1,349,0
6009,1,350,0
6010,1,351,0
6011,1,352,0
6012,1,353,0
6013,1,354,0
6014,1,355,0
6015,1,356,0
6016,1,357,0
6017,1,358,0
6018,1,359,0
6019,1,360,0
6020,1,361,0
6021,1,362,0
6022,1,363,0
6023,1,364,0
6024,1,365,0
6025,1,366,0
6026,1,367,0
6027,1,368,0
6028,1,369,0
6029,1,370,0
6030,1,371,0
6031,1,372,0
6032,1,373,0
6033,1,374,0
6034,1,375,0
6035,1,376,0
6036,1,377,0
6037,1,378,0
6038,1,379,0
6039,1,380,0
6040,1,381,0
6041,1,382,0
6042,1,383,0
6043,1,384,0
6044,1,385,0
6045,1,386,0
6046,1,387,0
6047,1,388,0
6048,1,389,0
6049,1,390,0
6050,1,391,0
6051,1,392,0
6052,1,393,0
6053,1,394,0
6054,1,395,0
6055,1,396,0
6056,1,397,0
6057,1,398,0
6058,1,399,0
6059,3,390,0
6060,3,391,0
6061,3,392,0
6062,3,393,0
6063,3,394,0
6064,3,395,0
6065,3,396,0
6066,3,397,0
6067,3,398,0
6068,3,399,0
6069,15,395,0
6070,15,396,0
6071,15,397,0
6072,15,398,0
6073,15,399,0
6074,18,395,0
6075,18,396,0
6076,18,397,0
6077,18,398,0
6078,18,399,0
6079,18,400,1
6080,17,265,0
6081,17,266,0
6082,17,267,0
6083,17,268,0
6084,17,269,0
6085,17,270,0
6086,17,271,0
6087,17,272,0
6088,17,273,0
6089,17,274,0
6090,17,275,0
6091,17,276,0
6092,17,277,0
6093,17,278,0
6094,17,279,0
6095,17,280,0
6096,17,281,0
6097,17,282,0
6098,17,283,0
6099,17,284,0
6100,17,285,0
6101,17,286,0
6102,17,287,0
6103,17,288,0
6104,17,289,0
6105,17,290,0
6106,17,291,0
6107,17,292,0
6108,17,293,0
6109,17,294,0
6110,17,295,0
6111,17,296,0
6112,17,297,0
6113,17,298,0
6114,17,299,0
6115,17,300,0
6116,17,301,0
6117,17,302,0
6118,17,303,0
6119,17,304,0
6120,17,305,0
6121,17,306,0
6122,17,307,0
6123,17,308,0
6124,17,309,0
6125,17,310,0
6126,17,311,0
6127,17,312,0
6128,17,313,0
6129,17,314,0
6130,17,315,0
6131,17,316,0
6132,17,317,0
6133,17,318,0
6134,17,319,0
6135,17,320,0
6136,17,321,0
6137,17,322,0
6138,17,323,0
6139,17,324,0
6140,17,325,0
6141,17,326,0
6142,17,327,0
6143,17,328,0
6144,17,329,0
6145,17,330,0
6146,17,331,0
6147,17,332,0
6148,17,333,0
6149,17,334,0
6150,17,335,0
6151,17,336,0
6152,17,337,0
6153,17,338,0
6154,17,339,0
6155,17,340,0
6156,17,341,0
6157,17,342,0
6158,17,343,0
6159,17,344,0
6160,17,345,0
6161,17,346,0
6162,17,347,0
6163,17,348,0
6164,17,349,0
6165,17,350,0
6166,17,351,0
6167,17,352,0
6168,17,353,0
6169,17,354,0
6170,17,355,0
6171,17,356,0
6172,17,357,0
6173,17,358,0
6174,17,359,0
6175,17,360,0
6176,17,361,0
6177,17,362,0
6178,17,363,0
6179,17,364,0
6180,17,365,0
6181,17,366,0
6182,17,367,0
6183,17,368,0
6184,17,369,0
6185,17,370,0
6186,17,371,0
6187,17,372,0
6188,17,373,0
6189,17,374,0
6190,17,375,0
6191,17,376,0
6192,17,377,0
6193,17,378,0
6194,17,379,0
6195,17,380,0
6196,17,381,0
6197,17,382,0
6198,17,383,0
6199,17,384,0
6200,17,385,0
6201,17,386,0
6202,17,387,0
6203,17,388,0
6204,17,389,0
6205,17,390,0
6206,17,391,0
6207,17,392,0
6208,17,393,0
6209,17,394,0
6210,17,395,0
6211,17,396,0
6212,17,397,0
6213,17,398,0
6214,17,399,0
6215,17,400,0
6216,1,400,0
