id,institution_id,course_id,flag
10,69,1,0
11,69,2,0
12,69,3,1
13,69,4,1
14,69,5,0
15,69,6,0
16,69,7,0
17,69,8,0
18,69,9,0
19,2,1,0
20,2,2,0
21,2,3,1
22,2,4,1
23,2,5,0
24,2,6,0
25,2,7,0
26,2,8,0
27,2,9,0
28,26,1,1
29,26,2,0
30,26,3,1
31,26,4,1
32,26,5,0
33,26,6,0
34,26,7,0
35,26,8,1
36,26,9,0
37,70,1,0
38,70,2,0
39,70,3,0
40,70,4,1
41,70,5,0
42,70,6,0
43,70,7,1
44,70,8,1
45,70,9,0
46,3,1,1
47,3,2,0
48,3,3,1
49,3,4,1
50,3,5,0
51,3,6,0
52,3,7,0
53,3,8,0
54,3,9,0
55,56,1,0
56,56,2,0
57,56,3,1
58,56,4,1
59,56,5,0
60,56,6,0
61,56,7,0
62,56,8,1
63,56,9,0
64,5,1,0
65,5,2,1
66,5,3,0
67,5,4,0
68,5,5,0
69,5,6,1
70,5,7,0
71,5,8,0
72,5,9,0
73,66,1,0
74,66,2,0
75,66,3,1
76,66,4,1
77,66,5,0
78,66,6,0
79,66,7,0
80,66,8,1
81,66,9,0
82,40,1,1
83,40,2,0
84,40,3,1
85,40,4,1
86,40,5,0
87,40,6,0
88,40,7,0
89,40,8,0
90,40,9,0
91,8,1,1
92,8,2,0
93,8,3,1
94,8,4,1
95,8,5,0
96,8,6,0
97,8,7,0
98,8,8,0
99,8,9,0
100,10,1,1
101,10,2,0
102,10,3,1
103,10,4,1
104,10,5,0
105,10,6,0
106,10,7,0
107,10,8,0
108,10,9,0
109,7,1,0
110,7,2,0
111,7,3,1
112,7,4,1
113,7,5,0
114,7,6,0
115,7,7,0
116,7,8,0
117,7,9,0
118,41,1,0
119,41,2,0
120,41,3,1
121,41,4,1
122,41,5,0
123,41,6,0
124,41,7,0
125,41,8,1
126,41,9,0
127,18,1,1
128,18,2,0
129,18,3,1
130,18,4,1
131,18,5,0
132,18,6,0
133,18,7,0
134,18,8,0
135,18,9,0
136,12,1,0
137,12,2,0
138,12,3,1
139,12,4,1
140,12,5,0
141,12,6,0
142,12,7,0
143,12,8,0
144,12,9,0
145,24,1,0
146,24,2,0
147,24,3,1
148,24,4,1
149,24,5,0
150,24,6,0
151,24,7,1
152,24,8,1
153,24,9,0
154,35,1,0
155,35,2,0
156,35,3,0
157,35,4,0
158,35,5,0
159,35,6,0
160,35,7,1
161,35,8,1
162,35,9,0
163,52,1,0
164,52,2,0
165,52,3,1
166,52,4,1
167,52,5,0
168,52,6,0
169,52,7,0
170,52,8,1
171,52,9,0
172,11,1,0
173,11,2,0
174,11,3,1
175,11,4,1
176,11,5,0
177,11,6,0
178,11,7,0
179,11,8,0
180,11,9,0
181,29,1,1
182,29,2,0
183,29,3,1
184,29,4,1
185,29,5,0
186,29,6,0
187,29,7,0
188,29,8,0
189,29,9,0
190,58,1,1
191,58,2,0
192,58,3,1
193,58,4,1
194,58,5,0
195,58,6,0
196,58,7,0
197,58,8,0
198,58,9,0
199,24,10,1
200,35,10,1
201,35,11,1
202,35,12,0
203,35,13,0
204,35,14,0
205,35,15,1
206,9,1,1
207,9,2,0
208,9,3,1
209,9,4,1
210,9,5,0
211,9,6,0
212,9,7,0
213,9,8,0
214,9,9,0
215,9,10,1
216,9,11,1
217,9,12,0
218,9,13,0
219,9,14,0
220,9,15,0
221,69,10,0
222,69,11,0
223,69,12,0
224,69,13,0
225,69,14,0
226,69,15,0
227,2,10,1
228,2,11,1
229,2,12,0
230,2,13,0
231,2,14,0
232,2,15,0
233,6,1,1
234,6,2,0
235,6,3,1
236,6,4,1
237,6,5,1
238,6,6,0
239,6,7,0
240,6,8,1
241,6,9,0
242,6,10,1
243,6,11,1
244,6,12,1
245,6,13,0
246,6,14,0
247,6,15,0
248,3,10,1
249,3,11,1
250,3,12,1
251,3,13,0
252,3,14,0
253,3,15,1
254,56,10,1
255,56,11,1
256,56,12,0
257,56,13,0
258,56,14,0
259,56,15,0
260,4,1,0
261,4,2,0
262,4,3,1
263,4,4,1
264,4,5,0
265,4,6,0
266,4,7,0
267,4,8,0
268,4,9,0
269,4,10,0
270,4,11,0
271,4,12,0
272,4,13,0
273,4,14,0
274,4,15,0
275,5,10,0
276,5,11,0
277,5,12,0
278,5,13,0
279,5,14,1
280,5,15,0
281,54,1,1
282,54,2,0
283,54,3,1
284,54,4,1
285,54,5,0
286,54,6,0
287,54,7,0
288,54,8,0
289,54,9,0
290,54,10,0
291,54,11,0
292,54,12,0
293,54,13,0
294,54,14,0
295,54,15,0
296,7,10,1
297,7,11,1
298,7,12,0
299,7,13,0
300,7,14,0
301,7,15,1
302,8,10,1
303,8,11,1
304,8,12,0
305,8,13,0
306,8,14,0
307,8,15,1
308,10,10,1
309,10,11,1
310,10,12,0
311,10,13,0
312,10,14,0
313,10,15,0
314,11,10,1
315,11,11,1
316,11,12,0
317,11,13,0
318,11,14,0
319,11,15,0
320,12,10,1
321,12,11,1
322,12,12,0
323,12,13,0
324,12,14,0
325,12,15,0
326,13,1,1
327,13,2,0
328,13,3,1
329,13,4,1
330,13,5,0
331,13,6,0
332,13,7,1
333,13,8,1
334,13,9,0
335,13,10,1
336,13,11,1
337,13,12,0
338,13,13,0
339,13,14,0
340,13,15,0
341,15,1,1
342,15,2,0
343,15,3,1
344,15,4,1
345,15,5,0
346,15,6,0
347,15,7,0
348,15,8,0
349,15,9,0
350,15,10,0
351,15,11,0
352,15,12,0
353,15,13,0
354,15,14,0
355,15,15,0
356,64,1,0
357,64,2,0
358,64,3,1
359,64,4,1
360,64,5,0
361,64,6,0
362,64,7,0
363,64,8,1
364,64,9,0
365,64,10,1
366,64,11,1
367,64,12,0
368,64,13,0
369,64,14,0
370,64,15,0
371,59,1,1
372,59,2,0
373,59,3,1
374,59,4,1
375,59,5,0
376,59,6,0
377,59,7,0
378,59,8,1
379,59,9,0
380,59,10,1
381,59,11,1
382,59,12,0
383,59,13,0
384,59,14,0
385,59,15,0
386,17,1,1
387,17,2,0
388,17,3,1
389,17,4,1
390,17,5,0
391,17,6,0
392,17,7,1
393,17,8,1
394,17,9,0
395,17,10,1
396,17,11,1
397,17,12,0
398,17,13,1
399,17,14,0
400,17,15,1
401,18,10,0
402,18,11,0
403,18,12,0
404,18,13,0
405,18,14,0
406,18,15,0
407,19,1,1
408,19,2,0
409,19,3,1
410,19,4,1
411,19,5,0
412,19,6,0
413,19,7,0
414,19,8,0
415,19,9,0
416,19,10,1
417,19,11,1
418,19,12,1
419,19,13,0
420,19,14,0
421,19,15,1
422,20,1,1
423,20,2,0
424,20,3,1
425,20,4,1
426,20,5,0
427,20,6,0
428,20,7,1
429,20,8,1
430,20,9,0
431,20,10,1
432,20,11,1
433,20,12,0
434,20,13,0
435,20,14,0
436,20,15,1
437,45,1,0
438,45,2,0
439,45,3,1
440,45,4,1
441,45,5,0
442,45,6,0
443,45,7,0
444,45,8,0
445,45,9,0
446,45,10,1
447,45,11,1
448,45,12,0
449,45,13,0
450,45,14,0
451,45,15,0
452,21,1,0
453,21,2,0
454,21,3,1
455,21,4,1
456,21,5,0
457,21,6,0
458,21,7,0
459,21,8,0
460,21,9,0
461,21,10,0
462,21,11,0
463,21,12,0
464,21,13,0
465,21,14,0
466,21,15,0
467,23,1,1
468,23,2,0
469,23,3,1
470,23,4,1
471,23,5,0
472,23,6,0
473,23,7,0
474,23,8,1
475,23,9,0
476,23,10,1
477,23,11,1
478,23,12,0
479,23,13,0
480,23,14,0
481,23,15,0
482,24,11,1
483,24,12,0
484,24,13,0
485,24,14,0
486,24,15,0
487,25,1,0
488,25,2,0
489,25,3,1
490,25,4,1
491,25,5,0
492,25,6,0
493,25,7,1
494,25,8,0
495,25,9,0
496,25,10,0
497,25,11,1
498,25,12,0
499,25,13,0
500,25,14,0
501,25,15,0
502,26,10,1
503,26,11,1
504,26,12,0
505,26,13,0
506,26,14,0
507,26,15,0
508,27,1,1
509,27,2,0
510,27,3,1
511,27,4,1
512,27,5,0
513,27,6,0
514,27,7,0
515,27,8,0
516,27,9,0
517,27,10,1
518,27,11,1
519,27,12,0
520,27,13,0
521,27,14,0
522,27,15,0
523,28,1,0
524,28,2,0
525,28,3,1
526,28,4,1
527,28,5,0
528,28,6,0
529,28,7,0
530,28,8,0
531,28,9,0
532,28,10,0
533,28,11,0
534,28,12,0
535,28,13,0
536,28,14,0
537,28,15,0
538,29,10,1
539,29,11,1
540,29,12,0
541,29,13,1
542,29,14,0
543,29,15,0
544,66,10,1
545,66,11,1
546,66,12,0
547,66,13,0
548,66,14,0
549,66,15,0
550,30,1,1
551,30,2,0
552,30,3,1
553,30,4,1
554,30,5,0
555,30,6,0
556,30,7,0
557,30,8,0
558,30,9,0
559,30,10,1
560,30,11,1
561,30,12,1
562,30,13,0
563,30,14,0
564,30,15,1
565,41,10,1
566,41,11,1
567,41,12,0
568,41,13,0
569,41,14,0
570,41,15,1
571,61,1,0
572,61,2,0
573,61,3,1
574,61,4,1
575,61,5,0
576,61,6,0
577,61,7,0
578,61,8,0
579,61,9,0
580,61,10,0
581,61,11,0
582,61,12,0
583,61,13,0
584,61,14,0
585,61,15,0
586,31,1,0
587,31,2,0
588,31,3,0
589,31,4,0
590,31,5,1
591,31,6,0
592,31,7,1
593,31,8,1
594,31,9,0
595,31,10,1
596,31,11,1
597,31,12,1
598,31,13,0
599,31,14,0
600,31,15,1
601,32,1,1
602,32,2,0
603,32,3,1
604,32,4,1
605,32,5,0
606,32,6,0
607,32,7,0
608,32,8,0
609,32,9,0
610,32,10,1
611,32,11,1
612,32,12,0
613,32,13,0
614,32,14,0
615,32,15,0
616,33,1,0
617,33,2,0
618,33,3,1
619,33,4,1
620,33,5,0
621,33,6,0
622,33,7,1
623,33,8,1
624,33,9,0
625,33,10,1
626,33,11,1
627,33,12,0
628,33,13,0
629,33,14,0
630,33,15,0
631,34,1,0
632,34,2,0
633,34,3,1
634,34,4,1
635,34,5,0
636,34,6,0
637,34,7,0
638,34,8,0
639,34,9,0
640,34,10,1
641,34,11,1
642,34,12,0
643,34,13,0
644,34,14,0
645,34,15,1
646,55,1,0
647,55,2,0
648,55,3,0
649,55,4,0
650,55,5,0
651,55,6,0
652,55,7,0
653,55,8,0
654,55,9,0
655,55,10,1
656,55,11,0
657,55,12,0
658,55,13,0
659,55,14,0
660,55,15,0
661,36,1,0
662,36,2,0
663,36,3,1
664,36,4,1
665,36,5,0
666,36,6,0
667,36,7,0
668,36,8,1
669,36,9,0
670,36,10,1
671,36,11,1
672,36,12,0
673,36,13,0
674,36,14,0
675,36,15,0
676,37,1,0
677,37,2,0
678,37,3,1
679,37,4,1
680,37,5,0
681,37,6,0
682,37,7,0
683,37,8,0
684,37,9,0
685,37,10,1
686,37,11,1
687,37,12,0
688,37,13,0
689,37,14,0
690,37,15,0
691,53,1,0
692,53,2,0
693,53,3,1
694,53,4,1
695,53,5,0
696,53,6,0
697,53,7,0
698,53,8,0
699,53,9,0
700,53,10,0
701,53,11,0
702,53,12,0
703,53,13,0
704,53,14,0
705,53,15,0
706,39,1,0
707,39,2,0
708,39,3,0
709,39,4,0
710,39,5,0
711,39,6,0
712,39,7,0
713,39,8,0
714,39,9,0
715,39,10,1
716,39,11,1
717,39,12,0
718,39,13,0
719,39,14,0
720,39,15,1
721,40,10,0
722,40,11,0
723,40,12,1
724,40,13,0
725,40,14,0
726,40,15,0
727,63,1,0
728,63,2,0
729,63,3,1
730,63,4,1
731,63,5,0
732,63,6,0
733,63,7,0
734,63,8,0
735,63,9,0
736,63,10,1
737,63,11,0
738,63,12,0
739,63,13,0
740,63,14,0
741,63,15,0
742,42,1,1
743,42,2,0
744,42,3,1
745,42,4,1
746,42,5,0
747,42,6,0
748,42,7,0
749,42,8,0
750,42,9,0
751,42,10,1
752,42,11,1
753,42,12,0
754,42,13,0
755,42,14,0
756,42,15,0
757,43,1,0
758,43,2,0
759,43,3,0
760,43,4,0
761,43,5,1
762,43,6,0
763,43,7,1
764,43,8,1
765,43,9,0
766,43,10,1
767,43,11,1
768,43,12,1
769,43,13,0
770,43,14,0
771,43,15,1
772,44,1,1
773,44,2,0
774,44,3,1
775,44,4,1
776,44,5,0
777,44,6,0
778,44,7,0
779,44,8,0
780,44,9,0
781,44,10,1
782,44,11,1
783,44,12,0
784,44,13,0
785,44,14,0
786,44,15,0
787,46,1,0
788,46,2,0
789,46,3,1
790,46,4,1
791,46,5,0
792,46,6,0
793,46,7,0
794,46,8,0
795,46,9,0
796,46,10,1
797,46,11,1
798,46,12,0
799,46,13,0
800,46,14,0
801,46,15,0
802,47,1,0
803,47,2,0
804,47,3,1
805,47,4,1
806,47,5,0
807,47,6,0
808,47,7,0
809,47,8,0
810,47,9,0
811,47,10,0
812,47,11,0
813,47,12,0
814,47,13,0
815,47,14,0
816,47,15,0
817,38,1,0
818,38,2,0
819,38,3,1
820,38,4,1
821,38,5,0
822,38,6,0
823,38,7,1
824,38,8,1
825,38,9,0
826,38,10,1
827,38,11,1
828,38,12,0
829,38,13,0
830,38,14,0
831,38,15,1
832,48,1,0
833,48,2,0
834,48,3,1
835,48,4,1
836,48,5,0
837,48,6,0
838,48,7,0
839,48,8,0
840,48,9,0
841,48,10,0
842,48,11,0
843,48,12,0
844,48,13,0
845,48,14,0
846,48,15,0
847,49,1,0
848,49,2,0
849,49,3,1
850,49,4,1
851,49,5,0
852,49,6,0
853,49,7,1
854,49,8,0
855,49,9,0
856,49,10,0
857,49,11,1
858,49,12,0
859,49,13,0
860,49,14,0
861,49,15,0
862,50,1,0
863,50,2,0
864,50,3,1
865,50,4,1
866,50,5,0
867,50,6,0
868,50,7,0
869,50,8,0
870,50,9,0
871,50,10,1
872,50,11,1
873,50,12,0
874,50,13,0
875,50,14,0
876,50,15,0
877,67,1,0
878,67,2,0
879,67,3,1
880,67,4,1
881,67,5,0
882,67,6,0
883,67,7,0
884,67,8,0
885,67,9,0
886,67,10,0
887,67,11,0
888,67,12,0
889,67,13,0
890,67,14,0
891,67,15,0
892,58,10,1
893,58,11,1
894,58,12,0
895,58,13,0
896,58,14,0
897,58,15,0
898,57,1,1
899,57,2,0
900,57,3,1
901,57,4,1
902,57,5,0
903,57,6,0
904,57,7,0
905,57,8,1
906,57,9,0
907,57,10,1
908,57,11,1
909,57,12,0
910,57,13,0
911,57,14,0
912,57,15,0
913,51,1,1
914,51,2,0
915,51,3,1
916,51,4,1
917,51,5,0
918,51,6,0
919,51,7,0
920,51,8,0
921,51,9,0
922,51,10,1
923,51,11,1
924,51,12,0
925,51,13,0
926,51,14,0
927,51,15,0
928,52,10,1
929,52,11,1
930,52,12,0
931,52,13,0
932,52,14,0
933,52,15,0
934,60,1,0
935,60,2,0
936,60,3,1
937,60,4,1
938,60,5,0
939,60,6,0
940,60,7,0
941,60,8,0
942,60,9,0
943,60,10,1
944,60,11,1
945,60,12,0
946,60,13,0
947,60,14,0
948,60,15,0
949,71,1,0
950,71,2,0
951,71,3,1
952,71,4,1
953,71,5,0
954,71,6,0
955,71,7,1
956,71,8,1
957,71,9,0
958,71,10,1
959,71,11,1
960,71,12,0
961,71,13,0
962,71,14,0
963,71,15,0
964,73,1,0
965,73,2,0
966,73,3,1
967,73,4,1
968,73,5,0
969,73,6,0
970,73,7,1
971,73,8,1
972,73,9,0
973,73,10,1
974,73,11,1
975,73,12,0
976,73,13,0
977,73,14,0
978,73,15,1
979,78,1,1
980,78,2,0
981,78,3,1
982,78,4,1
983,78,5,0
984,78,6,0
985,78,7,0
986,78,8,0
987,78,9,0
988,78,10,1
989,78,11,1
990,78,12,0
991,78,13,0
992,78,14,0
993,78,15,0
994,74,1,0
995,74,2,0
996,74,3,1
997,74,4,1
998,74,5,0
999,74,6,0
1000,74,7,0
1001,74,8,1
1002,74,9,0
1003,74,10,1
1004,74,11,1
1005,74,12,0
1006,74,13,0
1007,74,14,0
1008,74,15,0
1009,68,1,0
1010,68,2,0
1011,68,3,1
1012,68,4,1
1013,68,5,0
1014,68,6,0
1015,68,7,0
1016,68,8,0
1017,68,9,0
1018,68,10,0
1019,68,11,0
1020,68,12,0
1021,68,13,0
1022,68,14,0
1023,68,15,0
1024,76,1,0
1025,76,2,0
1026,76,3,1
1027,76,4,0
1028,76,5,0
1029,76,6,0
1030,76,7,1
1031,76,8,0
1032,76,9,0
1033,76,10,1
1034,76,11,1
1035,76,12,0
1036,76,13,0
1037,76,14,0
1038,76,15,0
1039,75,1,0
1040,75,2,0
1041,75,3,1
1042,75,4,1
1043,75,5,0
1044,75,6,0
1045,75,7,0
1046,75,8,0
1047,75,9,0
1048,75,10,0
1049,75,11,0
1050,75,12,0
1051,75,13,0
1052,75,14,0
1053,75,15,0
1054,81,1,1
1055,81,2,1
1056,81,3,1
1057,81,4,1
1058,81,5,1
1059,81,6,0
1060,81,7,0
1061,81,8,0
1062,81,9,0
1063,81,10,0
1064,81,11,0
1065,81,12,0
1066,81,13,0
1067,81,14,0
1068,81,15,0
1069,83,1,1
1070,83,2,0
1071,83,3,1
1072,83,4,1
1073,83,5,0
1074,83,6,0
1075,83,7,0
1076,83,8,0
1077,83,9,0
1078,83,10,1
1079,83,11,0
1080,83,12,0
1081,83,13,0
1082,83,14,0
1083,83,15,0
1084,82,1,0
1085,82,2,0
1086,82,3,1
1087,82,4,1
1088,82,5,0
1089,82,6,0
1090,82,7,0
1091,82,8,0
1092,82,9,0
1093,82,10,0
1094,82,11,0
1095,82,12,0
1096,82,13,0
1097,82,14,0
1098,82,15,0
1099,65,1,0
1100,65,2,0
1101,65,3,1
1102,65,4,1
1103,65,5,0
1104,65,6,0
1105,65,7,0
1106,65,8,1
1107,65,9,0
1108,65,10,1
1109,65,11,1
1110,65,12,0
1111,65,13,0
1112,65,14,0
1113,65,15,0
1114,88,1,1
1115,88,2,1
1116,88,3,1
1117,88,4,1
1118,88,5,1
1119,88,6,1
1120,88,7,1
1121,88,8,1
1122,88,9,1
1123,88,10,1
1124,88,11,1
1125,88,12,1
1126,88,13,1
1127,88,14,1
1128,88,15,1
1129,84,1,0
1130,84,2,0
1131,84,3,1
1132,84,4,1
1133,84,5,0
1134,84,6,0
1135,84,7,0
1136,84,8,0
1137,84,9,0
1138,84,10,0
1139,84,11,0
1140,84,12,0
1141,84,13,0
1142,84,14,0
1143,84,15,0
1144,72,1,0
1145,72,2,0
1146,72,3,1
1147,72,4,1
1148,72,5,0
1149,72,6,0
1150,72,7,1
1151,72,8,1
1152,72,9,0
1153,72,10,0
1154,72,11,0
1155,72,12,0
1156,72,13,0
1157,72,14,0
1158,72,15,0
1159,79,1,0
1160,79,2,0
1161,79,3,1
1162,79,4,1
1163,79,5,0
1164,79,6,0
1165,79,7,0
1166,79,8,0
1167,79,9,0
1168,79,10,0
1169,79,11,0
1170,79,12,0
1171,79,13,0
1172,79,14,0
1173,79,15,0
1174,87,1,0
1175,87,2,0
1176,87,3,1
1177,87,4,1
1178,87,5,0
1179,87,6,0
1180,87,7,0
1181,87,8,0
1182,87,9,0
1183,87,10,0
1184,87,11,0
1185,87,12,0
1186,87,13,0
1187,87,14,0
1188,87,15,0
1189,89,1,0
1190,89,2,0
1191,89,3,0
1192,89,4,1
1193,89,5,0
1194,89,6,0
1195,89,7,0
1196,89,8,1
1197,89,9,0
1198,89,10,1
1199,89,11,0
1200,89,12,0
1201,89,13,0
1202,89,14,0
1203,89,15,0
1204,89,16,0
1205,90,1,0
1206,90,2,0
1207,90,3,1
1208,90,4,1
1209,90,5,0
1210,90,6,0
1211,90,7,0
1212,90,8,1
1213,90,9,0
1214,90,10,1
1215,90,11,0
1216,90,12,0
1217,90,13,0
1218,90,14,0
1219,90,15,0
1220,90,16,0
1221,23,16,0
1222,36,16,0
1223,41,16,0
1224,11,16,0
1225,85,1,0
1226,85,2,0
1227,85,3,1
1228,85,4,1
1229,85,5,0
1230,85,6,0
1231,85,7,0
1232,85,8,0
1233,85,9,0
1234,85,10,0
1235,85,11,0
1236,85,12,0
1237,85,13,0
1238,85,14,0
1239,85,15,0
1240,85,16,0
1241,91,1,0
1242,91,2,0
1243,91,3,1
1244,91,4,1
1245,91,5,0
1246,91,6,0
1247,91,7,0
1248,91,8,0
1249,91,9,0
1250,91,10,1
1251,91,11,1
1252,91,12,0
1253,91,13,0
1254,91,14,0
1255,91,15,0
1256,91,16,0
1257,94,1,0
1258,94,2,0
1259,94,3,1
1260,94,4,1
1261,94,5,0
1262,94,6,0
1263,94,7,0
1264,94,8,0
1265,94,9,0
1266,94,10,1
1267,94,11,1
1268,94,12,0
1269,94,13,0
1270,94,14,0
1271,94,15,0
1272,94,16,0
1273,93,1,0
1274,93,2,0
1275,93,3,1
1276,93,4,1
1277,93,5,0
1278,93,6,0
1279,93,7,0
1280,93,8,0
1281,93,9,0
1282,93,10,0
1283,93,11,0
1284,93,12,0
1285,93,13,0
1286,93,14,0
1287,93,15,0
1288,93,16,0
1289,56,16,0
1290,95,1,0
1291,95,2,0
1292,95,3,1
1293,95,4,1
1294,95,5,0
1295,95,6,0
1296,95,7,0
1297,95,8,0
1298,95,9,0
1299,95,10,0
1300,95,11,0
1301,95,12,0
1302,95,13,0
1303,95,14,0
1304,95,15,0
1305,95,16,0
1306,52,16,0
1307,35,16,0
1308,6,16,0
1309,78,16,0
1310,96,1,0
1311,96,2,0
1312,96,3,1
1313,96,4,1
1314,96,5,0
1315,96,6,0
1316,96,7,0
1317,96,8,1
1318,96,9,0
1319,96,10,1
1320,96,11,1
1321,96,12,0
1322,96,13,0
1323,96,14,0
1324,96,15,0
1325,96,16,0
1326,57,16,0
1327,24,16,0
1328,31,16,0
1329,20,16,0
1330,98,1,0
1331,98,2,0
1332,98,3,1
1333,98,4,1
1334,98,5,0
1335,98,6,0
1336,98,7,0
1337,98,8,0
1338,98,9,0
1339,98,10,0
1340,98,11,0
1341,98,12,0
1342,98,13,0
1343,98,14,0
1344,98,15,0
1345,98,16,0
1346,13,16,0
1347,92,1,0
1348,92,2,0
1349,92,3,1
1350,92,4,1
1351,92,5,0
1352,92,6,0
1353,92,7,0
1354,92,8,0
1355,92,9,0
1356,92,10,0
1357,92,11,0
1358,92,12,0
1359,92,13,0
1360,92,14,0
1361,92,15,0
1362,92,16,0
1363,45,16,0
1364,102,1,0
1365,102,2,0
1366,102,3,1
1367,102,4,1
1368,102,5,0
1369,102,6,0
1370,102,7,0
1371,102,8,0
1372,102,9,0
1373,102,10,0
1374,102,11,0
1375,102,12,0
1376,102,13,0
1377,102,14,0
1378,102,15,0
1379,102,16,0
1380,83,16,0
1381,97,1,0
1382,97,2,0
1383,97,3,1
1384,97,4,1
1385,97,5,0
1386,97,6,0
1387,97,7,0
1388,97,8,0
1389,97,9,0
1390,97,10,1
1391,97,11,1
1392,97,12,0
1393,97,13,0
1394,97,14,0
1395,97,15,0
1396,97,16,0
1397,103,1,0
1398,103,2,0
1399,103,3,1
1400,103,4,1
1401,103,5,0
1402,103,6,0
1403,103,7,0
1404,103,8,0
1405,103,9,0
1406,103,10,1
1407,103,11,1
1408,103,12,0
1409,103,13,0
1410,103,14,0
1411,103,15,0
1412,103,16,0
1413,104,1,0
1414,104,2,0
1415,104,3,1
1416,104,4,1
1417,104,5,0
1418,104,6,0
1419,104,7,0
1420,104,8,0
1421,104,9,0
1422,104,10,0
1423,104,11,0
1424,104,12,0
1425,104,13,0
1426,104,14,0
1427,104,15,0
1428,104,16,0
1429,25,16,0
1430,12,16,0
1431,101,1,0
1432,101,2,0
1433,101,3,1
1434,101,4,1
1435,101,5,0
1436,101,6,0
1437,101,7,0
1438,101,8,0
1439,101,9,0
1440,101,10,0
1441,101,11,0
1442,101,12,0
1443,101,13,0
1444,101,14,0
1445,101,15,0
1446,101,16,0
1447,51,16,0
1448,30,16,0
1449,44,16,0
1450,5,16,0
1451,9,16,0
1452,8,16,0
1453,100,1,0
1454,100,2,0
1455,100,3,1
1456,100,4,1
1457,100,5,0
1458,100,6,0
1459,100,7,1
1460,100,8,1
1461,100,9,0
1462,100,10,1
1463,100,11,1
1464,100,12,0
1465,100,13,0
1466,100,14,0
1467,100,15,0
1468,100,16,0
1469,99,1,0
1470,99,2,0
1471,99,3,1
1472,99,4,1
1473,99,5,0
1474,99,6,0
1475,99,7,0
1476,99,8,0
1477,99,9,0
1478,99,10,0
1479,99,11,0
1480,99,12,0
1481,99,13,0
1482,99,14,0
1483,99,15,0
1484,99,16,0
1485,33,16,0
1486,105,1,0
1487,105,2,0
1488,105,3,0
1489,105,4,1
1490,105,5,0
1491,105,6,0
1492,105,7,0
1493,105,8,0
1494,105,9,0
1495,105,10,0
1496,105,11,0
1497,105,12,0
1498,105,13,0
1499,105,14,0
1500,105,15,0
1501,105,16,0
1502,106,1,0
1503,106,2,0
1504,106,3,1
1505,106,4,1
1506,106,5,0
1507,106,6,0
1508,106,7,0
1509,106,8,0
1510,106,9,0
1511,106,10,0
1512,106,11,0
1513,106,12,0
1514,106,13,0
1515,106,14,0
1516,106,15,0
1517,106,16,0
1518,107,1,0
1519,107,2,0
1520,107,3,1
1521,107,4,1
1522,107,5,0
1523,107,6,0
1524,107,7,0
1525,107,8,0
1526,107,9,0
1527,107,10,0
1528,107,11,0
1529,107,12,0
1530,107,13,0
1531,107,14,0
1532,107,15,0
1533,107,16,0
1534,108,1,0
1535,108,2,0
1536,108,3,1
1537,108,4,1
1538,108,5,0
1539,108,6,0
1540,108,7,0
1541,108,8,0
1542,108,9,0
1543,108,10,0
1544,108,11,0
1545,108,12,0
1546,108,13,0
1547,108,14,0
1548,108,15,0
1549,108,16,0
1550,2,16,0
1551,66,16,0
1552,19,16,0
1553,39,16,1
1554,3,16,0
1555,109,1,0
1556,109,2,0
1557,109,3,1
1558,109,4,1
1559,109,5,0
1560,109,6,0
1561,109,7,0
1562,109,8,0
1563,109,9,0
1564,109,10,0
1565,109,11,0
1566,109,12,0
1567,109,13,0
1568,109,14,0
1569,109,15,0
1570,109,16,0
1571,29,16,0
1572,87,16,0
1573,73,16,0
1574,32,16,0
1575,59,16,0
1576,37,16,0
1577,43,16,0
1578,111,1,0
1579,111,2,0
1580,111,3,1
1581,111,4,1
1582,111,5,0
1583,111,6,0
1584,111,7,0
1585,111,8,0
1586,111,9,0
1587,111,10,0
1588,111,11,0
1589,111,12,0
1590,111,13,0
1591,111,14,0
1592,111,15,0
1593,111,16,0
1594,55,16,0
1595,26,16,0
1596,112,1,0
1597,112,2,0
1598,112,3,1
1599,112,4,1
1600,112,5,0
1601,112,6,0
1602,112,7,0
1603,112,8,0
1604,112,9,0
1605,112,10,0
1606,112,11,0
1607,112,12,0
1608,112,13,0
1609,112,14,0
1610,112,15,0
1611,112,16,0
1612,110,1,0
1613,110,2,0
1614,110,3,1
1615,110,4,1
1616,110,5,0
1617,110,6,0
1618,110,7,0
1619,110,8,0
1620,110,9,0
1621,110,10,0
1622,110,11,0
1623,110,12,0
1624,110,13,0
1625,110,14,0
1626,110,15,0
1627,110,16,0
1628,113,1,0
1629,113,2,0
1630,113,3,1
1631,113,4,1
1632,113,5,0
1633,113,6,0
1634,113,7,0
1635,113,8,0
1636,113,9,0
1637,113,10,1
1638,113,11,1
1639,113,12,0
1640,113,13,0
1641,113,14,0
1642,113,15,0
1643,113,16,0
1644,35,17,0
1645,41,17,0
1646,54,16,0
1647,54,17,0
1648,114,1,1
1649,114,2,0
1650,114,3,1
1651,114,4,1
1652,114,5,0
1653,114,6,0
1654,114,7,0
1655,114,8,0
1656,114,9,0
1657,114,10,0
1658,114,11,0
1659,114,12,0
1660,114,13,0
1661,114,14,0
1662,114,15,0
1663,114,16,0
1664,114,17,0
1665,115,1,0
1666,115,2,0
1667,115,3,1
1668,115,4,1
1669,115,5,0
1670,115,6,0
1671,115,7,0
1672,115,8,0
1673,115,9,0
1674,115,10,0
1675,115,11,0
1676,115,12,0
1677,115,13,0
1678,115,14,0
1679,115,15,0
1680,115,16,0
1681,115,17,0
1682,116,1,0
1683,116,2,0
1684,116,3,1
1685,116,4,1
1686,116,5,0
1687,116,6,0
1688,116,7,0
1689,116,8,0
1690,116,9,0
1691,116,10,0
1692,116,11,0
1693,116,12,0
1694,116,13,0
1695,116,14,0
1696,116,15,0
1697,116,16,0
1698,116,17,0
1699,117,1,0
1700,117,2,0
1701,117,3,1
1702,117,4,1
1703,117,5,0
1704,117,6,0
1705,117,7,1
1706,117,8,1
1707,117,9,0
1708,117,10,1
1709,117,11,1
1710,117,12,0
1711,117,13,0
1712,117,14,0
1713,117,15,0
1714,117,16,0
1715,117,17,0
1716,121,1,0
1717,121,2,0
1718,121,3,1
1719,121,4,1
1720,121,5,0
1721,121,6,0
1722,121,7,0
1723,121,8,0
1724,121,9,0
1725,121,10,0
1726,121,11,0
1727,121,12,0
1728,121,13,0
1729,121,14,0
1730,121,15,0
1731,121,16,0
1732,121,17,0
1733,118,1,0
1734,118,2,0
1735,118,3,1
1736,118,4,1
1737,118,5,0
1738,118,6,0
1739,118,7,0
1740,118,8,0
1741,118,9,0
1742,118,10,0
1743,118,11,0
1744,118,12,0
1745,118,13,0
1746,118,14,0
1747,118,15,0
1748,118,16,0
1749,118,17,0
1750,119,1,0
1751,119,2,0
1752,119,3,1
1753,119,4,1
1754,119,5,0
1755,119,6,0
1756,119,7,0
1757,119,8,0
1758,119,9,0
1759,119,10,0
1760,119,11,0
1761,119,12,0
1762,119,13,0
1763,119,14,0
1764,119,15,0
1765,119,16,0
1766,119,17,0
1767,120,1,0
1768,120,2,0
1769,120,3,1
1770,120,4,1
1771,120,5,0
1772,120,6,0
1773,120,7,0
1774,120,8,0
1775,120,9,0
1776,120,10,0
1777,120,11,0
1778,120,12,0
1779,120,13,0
1780,120,14,0
1781,120,15,0
1782,120,16,0
1783,120,17,0
1784,122,1,1
1785,122,2,0
1786,122,3,1
1787,122,4,1
1788,122,5,0
1789,122,6,0
1790,122,7,0
1791,122,8,0
1792,122,9,0
1793,122,10,0
1794,122,11,0
1795,122,12,0
1796,122,13,0
1797,122,14,0
1798,122,15,0
1799,122,16,0
1800,122,17,0
1801,123,1,0
1802,123,2,0
1803,123,3,1
1804,123,4,1
1805,123,5,0
1806,123,6,0
1807,123,7,0
1808,123,8,0
1809,123,9,0
1810,123,10,0
1811,123,11,0
1812,123,12,0
1813,123,13,0
1814,123,14,0
1815,123,15,0
1816,123,16,0
1817,123,17,0
1818,46,16,0
1819,46,17,0
1820,76,16,0
1821,76,17,0
1822,33,17,0
1823,71,16,0
1824,71,17,0
1825,88,16,0
1826,88,17,0
1827,124,1,1
1828,124,2,0
1829,124,3,1
1830,124,4,1
1831,124,5,0
1832,124,6,0
1833,124,7,0
1834,124,8,0
1835,124,9,0
1836,124,10,0
1837,124,11,0
1838,124,12,0
1839,124,13,0
1840,124,14,0
1841,124,15,0
1842,124,16,0
1843,124,17,0
1844,83,17,0
1845,125,1,0
1846,125,2,0
1847,125,3,1
1848,125,4,1
1849,125,5,0
1850,125,6,0
1851,125,7,0
1852,125,8,0
1853,125,9,0
1854,125,10,0
1855,125,11,0
1856,125,12,0
1857,125,13,0
1858,125,14,0
1859,125,15,0
1860,125,16,0
1861,125,17,0
1862,126,1,0
1863,126,2,0
1864,126,3,1
1865,126,4,1
1866,126,5,0
1867,126,6,0
1868,126,7,0
1869,126,8,0
1870,126,9,0
1871,126,10,0
1872,126,11,0
1873,126,12,0
1874,126,13,0
1875,126,14,0
1876,126,15,0
1877,126,16,0
1878,126,17,0
1879,127,1,0
1880,127,2,0
1881,127,3,1
1882,127,4,1
1883,127,5,0
1884,127,6,0
1885,127,7,0
1886,127,8,0
1887,127,9,0
1888,127,10,0
1889,127,11,0
1890,127,12,0
1891,127,13,0
1892,127,14,0
1893,127,15,0
1894,127,16,0
1895,127,17,0
1896,128,1,0
1897,128,2,0
1898,128,3,1
1899,128,4,1
1900,128,5,0
1901,128,6,0
1902,128,7,0
1903,128,8,0
1904,128,9,0
1905,128,10,0
1906,128,11,0
1907,128,12,0
1908,128,13,0
1909,128,14,0
1910,128,15,0
1911,128,16,0
1912,128,17,0
1913,78,17,0
1914,23,17,0
1915,42,16,0
1916,42,17,0
1917,10,16,0
1918,10,17,0
1919,60,16,0
1920,60,17,0
1921,1,1,1
1922,1,2,0
1923,1,3,0
1924,1,4,0
1925,1,5,0
1926,1,6,0
1927,1,7,0
1928,1,8,0
1929,1,9,0
1930,1,10,0
1931,1,11,0
1932,1,12,0
1933,1,13,0
1934,1,14,0
1935,1,15,0
1936,1,16,0
1937,1,17,0
1938,91,17,0
1939,35,18,1
1940,71,18,0
1941,42,18,0
1942,10,18,0
1943,129,1,0
1944,129,2,0
1945,129,3,1
1946,129,4,1
1947,129,5,0
1948,129,6,0
1949,129,7,0
1950,129,8,0
1951,129,9,0
1952,129,10,0
1953,129,11,0
1954,129,12,0
1955,129,13,0
1956,129,14,0
1957,129,15,0
1958,129,16,0
1959,129,17,0
1960,129,18,0
1961,132,1,1
1962,132,2,1
1963,132,3,1
1964,132,4,1
1965,132,5,1
1966,132,6,1
1967,132,7,1
1968,132,8,1
1969,132,9,1
1970,132,10,1
1971,132,11,1
1972,132,12,1
1973,132,13,1
1974,132,14,1
1975,132,15,1
1976,132,16,1
1977,132,17,1
1978,132,18,1
1979,133,1,0
1980,133,2,0
1981,133,3,1
1982,133,4,1
1983,133,5,0
1984,133,6,0
1985,133,7,0
1986,133,8,0
1987,133,9,0
1988,133,10,0
1989,133,11,0
1990,133,12,0
1991,133,13,0
1992,133,14,0
1993,133,15,0
1994,133,16,0
1995,133,17,0
1996,133,18,0
1997,113,17,0
1998,113,18,0
1999,130,1,0
2000,130,2,0
2001,130,3,1
2002,130,4,1
2003,130,5,0
2004,130,6,0
2005,130,7,0
2006,130,8,0
2007,130,9,0
2008,130,10,0
2009,130,11,0
2010,130,12,0
2011,130,13,0
2012,130,14,0
2013,130,15,0
2014,130,16,0
2015,130,17,0
2016,130,18,0
2017,33,18,0
2018,8,17,0
2019,8,18,0
2020,131,1,0
2021,131,2,0
2022,131,3,1
2023,131,4,1
2024,131,5,0
2025,131,6,0
2026,131,7,0
2027,131,8,0
2028,131,9,0
2029,131,10,0
2030,131,11,0
2031,131,12,0
2032,131,13,0
2033,131,14,0
2034,131,15,0
2035,131,16,0
2036,131,17,0
2037,131,18,0
2038,18,16,0
2039,18,17,0
2040,18,18,0
2041,97,17,0
2042,97,18,0
2043,134,1,0
2044,134,2,0
2045,134,3,1
2046,134,4,1
2047,134,5,0
2048,134,6,0
2049,134,7,0
2050,134,8,0
2051,134,9,0
2052,134,10,0
2053,134,11,0
2054,134,12,0
2055,134,13,0
2056,134,14,0
2057,134,15,0
2058,134,16,0
2059,134,17,0
2060,134,18,0
2061,105,17,0
2062,105,18,0
2063,17,16,0
2064,17,17,0
2065,17,18,0
2066,135,1,0
2067,135,2,0
2068,135,3,1
2069,135,4,1
2070,135,5,0
2071,135,6,0
2072,135,7,0
2073,135,8,0
2074,135,9,0
2075,135,10,0
2076,135,11,0
2077,135,12,0
2078,135,13,0
2079,135,14,0
2080,135,15,0
2081,135,16,0
2082,135,17,0
2083,135,18,0
2084,136,1,0
2085,136,2,0
2086,136,3,1
2087,136,4,1
2088,136,5,0
2089,136,6,0
2090,136,7,0
2091,136,8,0
2092,136,9,0
2093,136,10,0
2094,136,11,0
2095,136,12,0
2096,136,13,0
2097,136,14,0
2098,136,15,0
2099,136,16,0
2100,136,17,0
2101,136,18,0
2102,63,16,0
2103,63,17,0
2104,63,18,0
2105,141,1,0
2106,141,2,0
2107,141,3,1
2108,141,4,1
2109,141,5,0
2110,141,6,0
2111,141,7,0
2112,141,8,0
2113,141,9,0
2114,141,10,0
2115,141,11,0
2116,141,12,0
2117,141,13,0
2118,141,14,0
2119,141,15,0
2120,141,16,0
2121,141,17,0
2122,141,18,0
2123,138,1,0
2124,138,2,0
2125,138,3,1
2126,138,4,1
2127,138,5,0
2128,138,6,0
2129,138,7,0
2130,138,8,0
2131,138,9,0
2132,138,10,0
2133,138,11,0
2134,138,12,0
2135,138,13,0
2136,138,14,0
2137,138,15,0
2138,138,16,0
2139,138,17,0
2140,138,18,0
2141,139,1,0
2142,139,2,0
2143,139,3,1
2144,139,4,1
2145,139,5,0
2146,139,6,0
2147,139,7,0
2148,139,8,0
2149,139,9,0
2150,139,10,0
2151,139,11,0
2152,139,12,0
2153,139,13,0
2154,139,14,0
2155,139,15,0
2156,139,16,0
2157,139,17,0
2158,139,18,0
2159,137,1,0
2160,137,2,0
2161,137,3,1
2162,137,4,1
2163,137,5,0
2164,137,6,0
2165,137,7,0
2166,137,8,0
2167,137,9,0
2168,137,10,0
2169,137,11,0
2170,137,12,0
2171,137,13,0
2172,137,14,0
2173,137,15,0
2174,137,16,0
2175,137,17,0
2176,137,18,0
2177,142,1,0
2178,142,2,0
2179,142,3,1
2180,142,4,1
2181,142,5,0
2182,142,6,0
2183,142,7,0
2184,142,8,0
2185,142,9,0
2186,142,10,0
2187,142,11,0
2188,142,12,0
2189,142,13,0
2190,142,14,0
2191,142,15,0
2192,142,16,0
2193,142,17,0
2194,142,18,0
2195,144,1,0
2196,144,2,0
2197,144,3,1
2198,144,4,1
2199,144,5,0
2200,144,6,0
2201,144,7,0
2202,144,8,0
2203,144,9,0
2204,144,10,0
2205,144,11,0
2206,144,12,0
2207,144,13,0
2208,144,14,0
2209,144,15,0
2210,144,16,0
2211,144,17,0
2212,144,18,0
2213,140,1,0
2214,140,2,0
2215,140,3,0
2216,140,4,0
2217,140,5,0
2218,140,6,0
2219,140,7,0
2220,140,8,0
2221,140,9,0
2222,140,10,1
2223,140,11,0
2224,140,12,0
2225,140,13,0
2226,140,14,0
2227,140,15,0
2228,140,16,0
2229,140,17,0
2230,140,18,0
2231,143,1,0
2232,143,2,0
2233,143,3,1
2234,143,4,1
2235,143,5,0
2236,143,6,0
2237,143,7,0
2238,143,8,0
2239,143,9,0
2240,143,10,0
2241,143,11,0
2242,143,12,0
2243,143,13,0
2244,143,14,0
2245,143,15,0
2246,143,16,0
2247,143,17,0
2248,143,18,0
2249,52,17,0
2250,52,18,0
2251,78,18,0
2252,108,17,0
2253,108,18,0
2254,20,17,0
2255,20,18,0
2256,11,17,0
2257,11,18,0
2258,103,17,0
2259,103,18,0
2260,90,17,0
2261,90,18,0
2262,58,16,0
2263,58,17,0
2264,58,18,0
2265,94,17,0
2266,94,18,0
2267,43,17,0
2268,43,18,0
2269,91,18,0
2270,57,17,0
2271,57,18,0
2272,29,17,0
2273,29,18,0
